Country Name,Country Code,Region,IncomeGroup,2000,2001,2002,2003,2004,2005,2006,2007,2008,2009,2010,2011,2012,2013,2014,2015,2016,2017,2018,2019
Aruba,ABW,Latin America & Caribbean,High income,1873452514,1920111732,1941340782,2021229050,2228491620,2330726257,2424581006,2615083799,2745251397,2498882682,2390502793,2549720670,2534636872,2701675978,2765363128,2919553073,2965921788,3056424581,,
Afghanistan,AFG,South Asia,Low income,,,4055179566,4515558808,5226778809,6209137625,6971285595,9747879532,10109225814,12439087077,15856574731,17804292964,20001598506,20561069558,20484885120,19907111419,18017749074,18869945678,18353881130,19291104008
Angola,AGO,Sub-Saharan Africa,Lower middle income,9129594819,8936063723,15285594828,17812705294,23552052408,36970918699,52381006892,65266452081,88538611205,70307163678,83799496611,111790000000,128053000000,136710000000,145712000000,116194000000,101124000000,122124000000,101353000000,88815697793
Albania,ALB,Europe & Central Asia,Upper middle income,3480355189,3922099471,4348070165,5611492283,7184681399,8052075642,8896073938,10677321490,12881354104,12044223353,11926928506,12890765324,12319830252,12776217195,13228144008,11386846319,11861200797,13019693451,15147020535,15279183290
Andorra,AND,Europe & Central Asia,High income,1429049198,1546926174,1755910032,2361726862,2894921778,3159905484,3456442103,3952600602,4085630584,3674409558,3449966857,3629203786,3188808943,3193704343,3271808157,2789870188,2896679212,3000180750,3218316013,3154057987
Arab World,ARB,"","",735685000000,722917000000,726833000000,821090000000,965101000000,1186140000000,1406000000000,1639310000000,2080970000000,1795740000000,2103330000000,2494030000000,2773500000000,2856370000000,2894390000000,2534720000000,2469440000000,2516120000000,2771380000000,2817410000000
United Arab Emirates,ARE,Middle East & North Africa,High income,104337000000,103312000000,109816000000,124346000000,147824000000,180617000000,222117000000,257916000000,315475000000,253547000000,289787000000,350666000000,374591000000,390108000000,403137000000,358135000000,357045000000,385606000000,422215000000,421142000000
Argentina,ARG,Latin America & Caribbean,Upper middle income,284204000000,268697000000,97724004252,127587000000,164658000000,198737000000,232557000000,287531000000,361558000000,332976000000,423627000000,530163000000,545982000000,552025000000,526320000000,594749000000,557531000000,643629000000,517627000000,445445000000
Armenia,ARM,Europe & Central Asia,Upper middle income,1911563665,2118467913,2376335048,2807061009,3576615240,4900469950,6384451606,9206301700,11662040714,8647936748,9260284938,10142111334,10619320049,11121465767,11609512940,10553337673,10546135160,11527458566,12457941907,13672802158
American Samoa,ASM,East Asia & Pacific,Upper middle income,,,514000000,527000000,512000000,503000000,496000000,520000000,563000000,678000000,576000000,574000000,644000000,641000000,642000000,661000000,652000000,602000000,636000000,
Antigua and Barbuda,ATG,Latin America & Caribbean,High income,826370370.4,800481481.5,814381481.5,856396296.3,919729629.6,1022962963,1157662963,1312759259,1370070370,1228329630,1148700000,1137637037,1199948148,1181448148,1249733333,1336692593,1436585185,1467977778,1605351852,1661962963
Australia,AUS,East Asia & Pacific,High income,415223000000,378376000000,394649000000,466488000000,612490000000,693408000000,746054000000,853100000000,1054000000000,927805000000,1146140000000,1396650000000,1546150000000,1576180000000,1467480000000,1351690000000,1208850000000,1329190000000,1432880000000,1396570000000
Austria,AUT,Europe & Central Asia,High income,196800000000,197338000000,213378000000,261696000000,300904000000,315974000000,335999000000,388691000000,430294000000,400172000000,391893000000,431120000000,409425000000,430069000000,441996000000,381818000000,395569000000,417238000000,455095000000,445075000000
Azerbaijan,AZE,Europe & Central Asia,Upper middle income,5272617196,5707720391,6235856820,7276013032,8680370408,13245716099,20982986344,33050343783,48852482960,44291490421,52902703376,65951627200,69683935845,74164435946,75244294275,53074370486,37867518957,40865558912,47112941176,48047647059
Burundi,BDI,Sub-Saharan Africa,Low income,870486065.9,876794723.1,825394490.2,784654423.6,915257323.4,1117113046,1273375020,1356199365,1611835902,1781455092,2032135247,2235820868,2333308099,2451625333,2705783272,3104394858,2959640987,3172292379,3036931818,3012334882
Belgium,BEL,Europe & Central Asia,High income,236205000000,236541000000,257158000000,317382000000,368537000000,385571000000,407918000000,470324000000,515224000000,481346000000,480952000000,522646000000,496181000000,521643000000,534678000000,462150000000,475740000000,502698000000,543734000000,533097000000
Benin,BEN,Sub-Saharan Africa,Lower middle income,3511248900,3663017700,4174634520,5337266688,6179176459,6565043460,7027863025,8158257572,9748276762,9699586794,9535344283,10693321954,11141358945,12517845732,13284528654,11388160958,11821066153,12701656931,14250985959,14390709095
Burkina Faso,BFA,Sub-Saharan Africa,Low income,2956746304,3190371050,3622350204,4740768355,5451688868,6146352742,6547420134,7625723124,9451436359,9450697336,10109618964,12080296644,12561016091,13444301139,13943016924,11832159276,12833363370,14106956830,16059910871,15990803570
Bangladesh,BGD,South Asia,Lower middle income,53369787319,53991289844,54724081491,60158929188,65108544250,69442943089,71819083684,79611888213,91631278239,102478000000,115279000000,128638000000,133356000000,149990000000,172885000000,195079000000,221415000000,249711000000,274039000000,302571000000
Bulgaria,BGR,Europe & Central Asia,Upper middle income,13245833844,14183497963,16402846413,21144983552,26157894737,29869283400,34379808889,44405101470,54438966420,52023504656,50381825504,57386216850,54033250329,55615397666,56901994980,50647442757,53806894796,58971520599,66230155100,68558815112
Bahrain,BHR,Middle East & North Africa,High income,9062898936,8976196809,9593510638,11074813830,13150159574,15968723404,18504760638,21730000000,25710904255,22938218085,25713271277,28776595745,30749308511,32539468085,33387712766,31050638298,32234973404,35473776596,37652500000,38574069149
"Bahamas, The",BHS,Latin America & Caribbean,High income,8076470000,8317830000,8881160000,8870090000,9055290000,9836200000,10167250000,10618340000,10526000000,9981960000,10095760000,10070450000,10720500000,10568400000,11111600000,11710800000,11928500000,12490700000,13022100000,13578800000
Bosnia and Herzegovina,BIH,Europe & Central Asia,Upper middle income,5505887894,5748993411,6651106833,8369878823,10596205714,11222953519,12864610994,15778767670,19112739664,17613836210,17176781337,18644723861,17226849297,18178503835,18558343508,16211541820,16913330694,18080118128,20183510561,20164193807
Belarus,BLR,Europe & Central Asia,Upper middle income,12736856828,12354820144,14594249023,17827791321,23144351852,30207567317,36954312354,45277399814,60763483146,50874078052,57222490769,61757788945,65685102555,75527984234,78813839984,56454734397,47722657821,54726595249,60031262269,63080457023
Belize,BLZ,Latin America & Caribbean,Upper middle income,832050000,868350000,925050000,983500000,1051350000,1102050000,1210150000,1271600000,1351350000,1317300000,1377200000,1460800000,1522900000,1579400000,1662800000,1723800000,1775100000,1836600000,1871200000,1879613600
Bermuda,BMU,North America,High income,3480219000,3680483000,3937228000,4186525000,4484703000,4868136000,6144000000,6767000000,6980000000,6656000000,6634526000,6312691000,6378188000,6465756000,6413988000,6654541000,6899911000,7142316000,7224329000,7484113000
Bolivia,BOL,Latin America & Caribbean,Lower middle income,8397912509,8141537938,7905485216,8082364868,8773451739,9549077869,11451869165,13120183157,16674324634,17339992165,19649631314,23963033431,27084497483,30659338880,32996188013,33000198248,33941126200,37508642165,40287647930,40895322844
Brazil,BRA,Latin America & Caribbean,Upper middle income,655421000000,559372000000,507962000000,558320000000,669317000000,891630000000,1107640000000,1397080000000,1695820000000,1667020000000,2208870000000,2616200000000,2465190000000,2472810000000,2455990000000,1802210000000,1795700000000,2062830000000,1885480000000,1839760000000
Barbados,BRB,Latin America & Caribbean,High income,3059500000,3054500000,3106500000,3209500000,3444500000,3819500000,4217500000,4674000000,4785000000,4465500000,4530000000,4657500000,4610000000,4677000000,4696500000,4715000000,4830000000,4978000000,5086500000,5209000000
Brunei Darussalam,BRN,East Asia & Pacific,High income,6001153306,5601090584,5843329108,6557333085,7872333215,9531402848,11470703002,12247694247,14393099069,10732366286,13707370737,18525319978,19047940301,18093829923,17098342541,12930394938,11400854268,12128104859,13567351175,13469422959
Bhutan,BTN,South Asia,Lower middle income,424464089.9,461444513.7,520849551.5,604041957.9,682523857,796938120.2,874989895.6,1168308517,1227808791,1234014292,1547991318,1777101317,1781281282,1756215665,1907090813,2003598213,2158972129,2450364928,2446866405,2530547158
Botswana,BWA,Sub-Saharan Africa,Upper middle income,5788329609,5489608300,5438857107,7511582173,8957467707,9918907108,10137883299,10939053365,10945070442,10267133178,12786654498,15351972361,14380004175,14901750991,16250781587,14420593484,15646354089,17405588070,18663265549,18340480936
Central African Republic,CAF,Sub-Saharan Africa,Low income,914500299.1,931833302.8,991387870.1,1139754799,1270080251,1337362392,1460561215,1697565949,1985240986,2059094048,2142591376,2437982840,2510126699,1691544192,1894813505,1695825708,1825018191,2072350151,2220978978,2220307369
Canada,CAN,North America,High income,742295000000,736380000000,757951000000,892382000000,1023200000000,1169360000000,1315420000000,1464980000000,1549130000000,1371150000000,1613460000000,1788650000000,1828690000000,1847210000000,1803530000000,1556130000000,1528240000000,1649880000000,1716260000000,1736430000000
Central Europe and the Baltics,CEB,"","",428026000000,468573000000,527958000000,633714000000,762523000000,886115000000,1002190000000,1265850000000,1531500000000,1289520000000,1316610000000,1449110000000,1352690000000,1422190000000,1464900000000,1292090000000,1320630000000,1463500000000,1644440000000,1668850000000
Switzerland,CHE,Europe & Central Asia,High income,272055000000,278631000000,301417000000,352915000000,394164000000,408689000000,430921000000,479913000000,554363000000,541507000000,583783000000,699580000000,668044000000,688504000000,709183000000,679832000000,671309000000,679950000000,705141000000,703082000000
Channel Islands,CHI,Europe & Central Asia,High income,6439703435,6232906290,6663669065,7332244898,8553643354,8827272727,9676172953,11514605842,,,,,,,,,,,,
Chile,CHL,Latin America & Caribbean,High income,77860932152,70979923960,69736811435,75643459840,99210392858,122965000000,154788000000,173606000000,179638000000,172389000000,218538000000,252252000000,267122000000,278384000000,260542000000,243919000000,250440000000,277045000000,298258000000,282318000000
China,CHN,East Asia & Pacific,Upper middle income,1211350000000,1339400000000,1470550000000,1660290000000,1955350000000,2285970000000,2752130000000,3550340000000,4594310000000,5101700000000,6087160000000,7551500000000,8532230000000,9570410000000,10475700000000,11061600000000,11233300000000,12310400000000,13894800000000,14279900000000
Cameroon,CMR,Sub-Saharan Africa,Lower middle income,10083937740,10371327756,11579343088,14548845765,17430933517,17944084201,19356046328,22365265026,26409781215,26017925552,26169323293,29375448542,29102772799,32357345501,34989493826,30928653814,32643697596,35009262788,38694156863,39007354359
"Congo, Dem. Rep.",COD,Sub-Saharan Africa,Low income,19088046306,7438189100,8728038525,8937567060,10297483481,11964484668,14451902468,16737071816,19788515874,18648373312,21565720044,25839749199,29306235826,32679745298,35909040266,37917704900,37134799975,38019265626,46831342213,50400746171
"Congo, Rep.",COG,Sub-Saharan Africa,Lower middle income,3219910550,2796704577,3034251042,3503723245,4656975223,6650001214,8072305415,8782703767,11649858744,9723300391,13148395202,15655384440,17692912613,17958721572,17783526318,11953249530,10335424288,11198674674,13518403447,12267392147
Colombia,COL,Latin America & Caribbean,Upper middle income,99886577331,98211749596,97963003805,94641378693,117082000000,145619000000,161619000000,206182000000,242187000000,232398000000,286563000000,334944000000,370921000000,382116000000,381112000000,293482000000,282825000000,311884000000,333569000000,323616000000
Comoros,COM,Sub-Saharan Africa,Lower middle income,350264287.7,378512003.4,425964697.4,546885185,633706149.3,653845122.9,698431827.7,795673128.5,915659192.8,905341090.6,907978723.5,1023086184,1015843369,1116224161,1149587652,966029542,1012835518,1077439663,1178530758,1165839927
Cabo Verde,CPV,Sub-Saharan Africa,Lower middle income,539227277.6,563024383.3,620974660.2,813963830.2,924318490.8,971977088.2,1107891063,1513933983,1789333749,1711817182,1664310770,1865915544,1741809809,1850470042,1859898513,1596800287,1662998678,1769787215,1966983317,1981845740
Costa Rica,CRI,Latin America & Caribbean,Upper middle income,14949514493,15913363441,16504795593,17196009811,18528955525,19948261084,22602721765,26743972564,30612927059,30562361123,37268614024,42262697840,46473128286,49745088112,50577769838,54775994479,57157992434,58481858043,60553901420,61801385049
Caribbean small states,CSS,"","",34198261849,35249124487,36990581960,39545843699,43259576006,48918431749,55670905492,61875372966,70340127758,59411430651,64524470198,69668274256,72051118642,73417589878,74433668499,72828471571,69191343076,71452564226,74967267520,77721714918
Cuba,CUB,Latin America & Caribbean,Upper middle income,30565400000,31682400000,33590500000,35901200000,38203000000,42643836100,52742800000,58603900000,60806300000,62080000000,64328000000,68990000000,73141000000,77148000000,80656000000,87133000000,91370000000,96851000000,100023000000,
Cayman Islands,CYM,Latin America & Caribbean,High income,,,,,,,4200439499,4466438823,4586114070,4281868766,4156990816,4186223865,4291158968,4405954696,4563017852,4708336756,4909498943,5153091158,5517361238,
Cyprus,CYP,Europe & Central Asia,High income,9985844486,10397897086,11420227885,14547325028,17320552500,18433411267,20072786351,23968764030,27844698989,25945391775,25732432719,27565469098,24978513427,23900872626,23156850007,19842404305,20953442550,22729184365,25309818139,24948935408
Czech Republic,CZE,Europe & Central Asia,High income,61828166496,67808032980,82196001051,100090000000,119814000000,137143000000,156264000000,190184000000,236816000000,207434000000,209070000000,229563000000,208858000000,211686000000,209359000000,188033000000,196272000000,218629000000,248909000000,250681000000
Germany,DEU,Europe & Central Asia,High income,1943150000000,1944110000000,2068620000000,2496130000000,2809190000000,2845800000000,2992200000000,3421230000000,3730030000000,3397790000000,3396350000000,3744410000000,3527340000000,3732740000000,3883920000000,3356240000000,3467500000000,3682600000000,3963770000000,3861120000000
Djibouti,DJI,Middle East & North Africa,Lower middle income,551230861.9,572417440.8,591122039.6,622044665.5,666072101.8,708633194.7,768873684,847918929.1,999105339.3,1049110685,1128611700,1239144502,1353632942,2042817163,2214681574,2430287967,2603554907,2751461056,3012820410,3324634256
Dominica,DMA,Latin America & Caribbean,Upper middle income,333468888.9,340205074.1,333195185.2,343310666.7,367199111.1,364255074.1,390250148.1,421375851.9,458190185.2,489074333.3,493825925.9,501025925.9,485996296.3,498296296.3,520207407.4,540737037,576229629.6,519837037,551074074.1,582403703.7
Denmark,DNK,Europe & Central Asia,High income,164159000000,164791000000,178635000000,218096000000,251373000000,264467000000,282885000000,319423000000,353361000000,321241000000,321995000000,344003000000,327149000000,343584000000,352994000000,302673000000,313116000000,332121000000,356879000000,350104000000
Dominican Republic,DOM,Latin America & Caribbean,Upper middle income,24305116729,25601765403,27137508655,21403167849,22322395369,35777570134,37879869898,43965420071,48122547177,48261033297,53860175557,58029750744,60681537195,62682163838,67179914026,71164825258,75704720190,79997975623,85555378044,88941299734
Algeria,DZA,Middle East & North Africa,Lower middle income,54790233856,54744725766,56760246982,67863841333,85325003122,103198000000,117027000000,134846000000,171008000000,137206000000,161155000000,200254000000,209021000000,209724000000,213860000000,166361000000,159995000000,170163000000,175406000000,171091000000
East Asia & Pacific (excluding high income),EAP,"","",1737750000000,1848790000000,2046200000000,2315830000000,2685130000000,3110130000000,3745630000000,4735290000000,5990760000000,6496160000000,7874770000000,9620270000000,10727600000000,11835600000000,12761600000000,13294600000000,13575800000000,14836000000000,16594100000000,17151700000000
Early-demographic dividend,EAR,"","",3310690000000,3276710000000,3181210000000,3538820000000,4114920000000,4796420000000,5484200000000,6503650000000,7333170000000,7059240000000,8575070000000,9613820000000,10081600000000,10259800000000,10620500000000,10311600000000,10550400000000,11399700000000,11646000000000,11989900000000
East Asia & Pacific,EAS,"","",8297740000000,7718740000000,7844840000000,8626680000000,9677470000000,10332400000000,10960400000000,12262900000000,14148100000000,14572400000000,16988700000000,19687400000000,21072100000000,21318600000000,22002200000000,21911600000000,22658600000000,24222700000000,26351300000000,26924700000000
Europe & Central Asia (excluding high income),ECA,"","",662443000000,655124000000,750180000000,946384000000,1255530000000,1587460000000,1946460000000,2503770000000,3102570000000,2434010000000,2944940000000,3660260000000,3904070000000,4139020000000,3841760000000,2916640000000,2773220000000,3114810000000,3192140000000,3248460000000
Europe & Central Asia,ECS,"","",10032200000000,10143000000000,11088800000000,13500600000000,15738400000000,16757300000000,18146300000000,21201900000000,23274100000000,20471200000000,20967700000000,23250000000000,22412500000000,23421000000000,23738500000000,20450300000000,20388800000000,21610800000000,23145700000000,22792800000000
Ecuador,ECU,Latin America & Caribbean,Upper middle income,18327764882,24468324000,28548945000,32432858000,36591661000,41507085000,46802044000,51007777000,61762635000,62519686000,69555367000,79276664000,87924544000,95129659000,101726000000,99290381000,99937696000,104296000000,107562000000,107436000000
"Egypt, Arab Rep.",EGY,Middle East & North Africa,Lower middle income,99838543960,96684636119,85146067416,80288461538,78782467532,89600665557,107426000000,130438000000,162818000000,189147000000,218984000000,235990000000,279117000000,288434000000,305595000000,329367000000,332442000000,235734000000,249713000000,303092000000
Euro area,EMU,"","",6479500000000,6590450000000,7166150000000,8842880000000,10141400000000,10519100000000,11174400000000,12862400000000,14099100000000,12885800000000,12628800000000,13623200000000,12639600000000,13190300000000,13490600000000,11668500000000,11967200000000,12671000000000,13686900000000,13356100000000
Eritrea,ERI,Sub-Saharan Africa,Low income,706370815.6,752368495.5,729321366.7,870247703.2,1109054005,1098425901,1211161880,1317974491,1380188800,1856695551,1589515447,2065001626,,,,,,,,
Spain,ESP,Europe & Central Asia,High income,596878000000,627287000000,705394000000,905492000000,1067090000000,1153290000000,1259340000000,1472130000000,1625220000000,1485580000000,1420720000000,1478770000000,1324820000000,1354760000000,1369400000000,1195120000000,1232080000000,1312540000000,1422150000000,1393490000000
Estonia,EST,Europe & Central Asia,High income,5694069842,6259257900,7372457380,9877636631,12144397516,14098326079,17012322168,22445583082,24371299253,19744110864,19693608289,23391530006,23192708982,25271406708,26773473625,23048864243,24259552889,26951648829,30631142227,31471100656
Ethiopia,ETH,Sub-Saharan Africa,Low income,8242392104,8231326016,7850809498,8623691300,10131187261,12401139454,15280861835,19707616773,27066912635,32437389116,29933790334,31952763089,43310721414,47648211133,55612228234,64589334979,74296618481,81770791971,84269348327,95912590628
European Union,EUU,"","",7259890000000,7387730000000,8049790000000,9912160000000,11399500000000,11905800000000,12703600000000,14711300000000,16237800000000,14710300000000,14544100000000,15744200000000,14636300000000,15293400000000,15632600000000,13545100000000,13886800000000,14758400000000,15965000000000,15626400000000
Fragile and conflict affected situations,FCS,"","",412071000000,407655000000,391544000000,416730000000,518798000000,649001000000,806143000000,981220000000,1264530000000,1193830000000,1430220000000,1453120000000,1678810000000,1763710000000,1923220000000,1726910000000,1550710000000,1569590000000,1698250000000,1778460000000
Finland,FIN,Europe & Central Asia,High income,125707000000,129421000000,139738000000,171274000000,197117000000,204809000000,216908000000,256053000000,284554000000,252497000000,249181000000,275244000000,258305000000,271285000000,274497000000,234440000000,240608000000,255232000000,275947000000,269296000000
Fiji,FJI,East Asia & Pacific,Upper middle income,1684109743,1660102346,1842691481,2315935753,2727507213,3006725015,3102741451,3405050612,3523185920,2870624636,3140508836,3774530616,3972012571,4190143206,4856963252,4682546881,4930204220,5353404419,5581393121,5496250694
France,FRA,Europe & Central Asia,High income,1362250000000,1376470000000,1494290000000,1840480000000,2115740000000,2196130000000,2318590000000,2657210000000,2918380000000,2690220000000,2642610000000,2861410000000,2683830000000,2811080000000,2852170000000,2438210000000,2471290000000,2595150000000,2787860000000,2715520000000
Faroe Islands,FRO,Europe & Central Asia,High income,1058702725,1147654635,1262669892,1494011567,1688237552,1727792693,1984445416,2290133549,2432415998,2268387771,2320424601,2490807831,2366301252,2627049837,2850743875,2518096286,2738832687,2905102304,3116887847,
"Micronesia, Fed. Sts.",FSM,East Asia & Pacific,Lower middle income,233271800,240970900,242517200,245432900,240236000,250281900,253541900,256787200,263145100,280284600,296944100,311301600,327248700,317214400,319271200,316489900,332265200,366666800,401932300,
Gabon,GAB,Sub-Saharan Africa,Upper middle income,5067865321,5023265365,5335451308,6511903657,7770219480,9582783318,10327598801,12455410056,15571349776,12113699661,14372591916,18210308748,17170465294,17595745653,18203968002,14383107714,14023890620,14929488771,16862282414,16874450215
United Kingdom,GBR,Europe & Central Asia,High income,1657820000000,1640250000000,1784470000000,2053020000000,2416930000000,2538680000000,2713750000000,3100880000000,2922670000000,2410910000000,2475240000000,2659310000000,2704890000000,2786020000000,3063800000000,2928590000000,2694280000000,2666230000000,2860670000000,2829110000000
Georgia,GEO,Europe & Central Asia,Upper middle income,3057475289,3219488664,3395728014,3991284895,5125365192,6410823633,7745394293,10172882371,12795076469,10766836277,12243505583,15107441447,16488403076,17189551521,17627003455,14953950557,15141758567,16242916916,17599700091,17477255546
Ghana,GHA,Sub-Saharan Africa,Lower middle income,4983024408,5314909954,6166330136,7632406553,8881368538,10744675210,20440893017,24827844950,28678701891,26048108185,32197272797,39337314810,41270954737,62405374786,53660342160,48564863888,55009730600,58998132330,65556464048,66983634224
Guinea,GIN,Sub-Saharan Africa,Low income,2995360969,2829435957,2950198649,3446441698,3635458133,2937071767,4220019243,6281917656,6964179194,6716904569,6853467858,6785137173,7638045254,8376613843,8778473615,8794202444,8595955581,10324668267,10907214994,12296665331
"Gambia, The",GMB,Sub-Saharan Africa,Low income,782915402.4,687408804.6,578236035.1,487038821.6,961900106.9,1027702254,1054113427,1279704745,1561763437,1450140386,1543292393,1409694554,1415006238,1375608956,1229460602,1378176868,1484579844,1504909753,1670670669,1826073740
Guinea-Bissau,GNB,Sub-Saharan Africa,Low income,370173838.7,392621385.9,417806667.1,477458598.7,532062927.4,587029054.4,592365688.1,696910810.9,868154708.5,830126470,849878424.2,1099818652,989271229.6,1046087418,1054915645,1048229629,1179004941,1350177128,1458868242,1339449165
Equatorial Guinea,GNQ,Sub-Saharan Africa,Upper middle income,1045998496,1461139022,1806742742,2484745935,4410764339,8217369093,10086528699,13071718759,19749893536,15027795173,16314442183,21357344847,22388345810,21948835350,21765454404,13185496836,11240809132,12200914930,13278488567,11026774945
Greece,GRC,Europe & Central Asia,High income,130134000000,136191000000,153831000000,201924000000,240521000000,247783000000,273318000000,318498000000,354461000000,330000000000,299362000000,287798000000,245671000000,239862000000,237030000000,196591000000,195222000000,203588000000,218138000000,209853000000
Grenada,GRD,Latin America & Caribbean,Upper middle income,520044370.4,520444185.2,540336925.9,591018407.4,599118592.6,695555555.6,698700666.7,758683592.6,825976037,771275555.6,771013259.3,778655925.9,799882259.3,842620111.1,911497407.4,997007925.9,1061631222,1125685185,1168696296,1210603704
Greenland,GRL,Europe & Central Asia,High income,1068030830,1086172923,1169138789,1558753434,1822486689,1849805733,2013099482,2249811709,2499107511,2529948330,2503156061,2684467376,2609667674,2684952727,2842048998,2499115623,2707146783,2826651926,3051626390,
Guatemala,GTM,Latin America & Caribbean,Upper middle income,19288827159,18702802522,20776403774,21917430694,23965275794,27211377107,30231249625,34113107372,39136436614,37733609795,41338008613,47654783852,50388460925,52996540576,57852399705,62186186576,66053725049,71612352645,73118147941,76710355347
Guam,GUM,East Asia & Pacific,High income,,,3385000000,3560000000,3857000000,4197000000,4213000000,4375000000,4621000000,4781000000,4895000000,4928000000,5199000000,5336000000,5538000000,5710000000,5795000000,5851000000,5920000000,
Guyana,GUY,Latin America & Caribbean,Upper middle income,712667896.7,712167575.6,726131434.7,743064076.8,787814379.2,824880550.3,2379818383,2730968914,3025189399,3165661865,3432913353,3691384743,4063090016,4167801803,4127664336,4279840362,4482697337,4748174334,4787635821,5173759528
High income,HIC,"","",27650800000000,27392700000000,28554300000000,32016000000000,35650200000000,37727700000000,39867900000000,43642900000000,46410900000000,43504200000000,45585700000000,49211700000000,49262500000000,49886900000000,50986900000000,48169300000000,49181200000000,51468300000000,54656900000000,55140600000000
"Hong Kong SAR, China",HKG,East Asia & Pacific,High income,171668000000,169403000000,166349000000,161385000000,169100000000,181570000000,193536000000,211597000000,219280000000,214046000000,228638000000,248514000000,262629000000,275697000000,291459000000,309384000000,320838000000,341244000000,361697000000,365712000000
Honduras,HND,Latin America & Caribbean,Lower middle income,7103507989,7651174661,7858235333,8230387552,8869311411,9757034457,10917481688,12361257681,13881701034,14587496229,15839344592,17710315006,18528601901,18499710128,19756494435,20979767785,21717622071,23136232230,24024189736,25095395475
Heavily indebted poor countries (HIPC),HPC,"","",169208000000,161721000000,173731000000,197095000000,226372000000,258320000000,306651000000,366215000000,441915000000,448511000000,490276000000,546434000000,580701000000,647872000000,683129000000,676806000000,669729000000,713187000000,759124000000,783062000000
Croatia,HRV,Europe & Central Asia,High income,21633671681,23054778851,26813968851,34682900713,41587470547,45376744002,50423077102,60073426977,70234425974,62600093959,59918313669,62537851352,56580819624,58194069434,57639588806,49525747504,51601147666,55481644098,61375222347,60752588976
Haiti,HTI,Latin America & Caribbean,Low income,6868666120,6364908100,6106867934,5000238129,6005401730,7049954289,7408787819,9315973989,10386485528,11269821159,11661585823,13008748132,13708931890,14498080023,14790765760,14857386164,13723267961,14213814583,15965670198,14332163266
Hungary,HUN,Europe & Central Asia,High income,47218405892,53749989092,67608919144,85302003908,103960000000,112981000000,115577000000,139966000000,158136000000,130760000000,131917000000,141760000000,128475000000,135412000000,140765000000,125074000000,128471000000,142962000000,160419000000,163469000000
IBRD only,IBD,"","",5811790000000,5897140000000,5989580000000,6744330000000,8028180000000,9600200000000,11384900000000,14151700000000,16994600000000,16486400000000,20019000000000,23645000000000,25140800000000,26561000000000,27475600000000,25950100000000,26153400000000,28864200000000,30807700000000,31539000000000
IDA & IBRD total,IBT,"","",6282100000000,6362530000000,6490030000000,7306340000000,8686610000000,10365600000000,12305800000000,15231400000000,18288700000000,17759500000000,21483700000000,25307800000000,26931500000000,28527400000000,29578300000000,28039800000000,28183000000000,30964900000000,33032300000000,33852000000000
IDA total,IDA,"","",472835000000,467694000000,503419000000,565332000000,662230000000,769482000000,926016000000,1084800000000,1300130000000,1279720000000,1469120000000,1664990000000,1794080000000,1973430000000,2112920000000,2102310000000,2039740000000,2107390000000,2231100000000,2320310000000
IDA blend,IDB,"","",206220000000,205813000000,227250000000,255052000000,310739000000,371637000000,465384000000,536928000000,636082000000,596416000000,700032000000,804396000000,889579000000,965837000000,1036700000000,999758000000,931081000000,922589000000,964268000000,991548000000
Indonesia,IDN,East Asia & Pacific,Upper middle income,165021000000,160447000000,195661000000,234772000000,256837000000,285869000000,364571000000,432217000000,510229000000,539580000000,755094000000,892969000000,917870000000,912524000000,890815000000,860854000000,931877000000,1015620000000,1042240000000,1119190000000
IDA only,IDX,"","",265071000000,260270000000,274173000000,308043000000,348513000000,394072000000,455550000000,542167000000,658065000000,680043000000,763983000000,853829000000,895131000000,998443000000,1066190000000,1095340000000,1105540000000,1185500000000,1268820000000,1331970000000
Isle of Man,IMN,Europe & Central Asia,High income,1563667800,1659131244,1947332922,2328658228,2822358473,3032400000,3422651334,4466100440,5928420956,5487083658,5920177689,6566098382,6690725118,7000748788,7708834951,7085288006,6846691871,6979581725,7491969313,
India,IND,South Asia,Lower middle income,468395000000,485441000000,514938000000,607699000000,709149000000,820382000000,940260000000,1216740000000,1198900000000,1341890000000,1675620000000,1823050000000,1827640000000,1856720000000,2039130000000,2103590000000,2294800000000,2652750000000,2713170000000,2868930000000
Ireland,IRL,Europe & Central Asia,High income,99852958356,109135000000,127950000000,164285000000,193871000000,211649000000,232083000000,269918000000,275039000000,236316000000,222149000000,237472000000,224999000000,238544000000,258472000000,291500000000,300523000000,335663000000,382674000000,388699000000
"Iran, Islamic Rep.",IRN,Middle East & North Africa,Upper middle income,109592000000,126879000000,128627000000,153545000000,190043000000,226452000000,266299000000,349882000000,412336000000,416397000000,486808000000,580765000000,598868000000,460293000000,432687000000,384951000000,417984000000,445345000000,453996000000,
Iraq,IRQ,Middle East & North Africa,Upper middle income,,,,,36627901762,49954890353,65140293688,88840050497,131614000000,111661000000,138462000000,185470000000,217808000000,234648000000,234648000000,177499000000,174896000000,195473000000,224228000000,234094000000
Iceland,ISL,Europe & Central Asia,High income,9003639603,8205357405,9294652008,11414055065,13834750405,16812530830,17216420305,21514962938,17905251723,13164652470,13683689693,15158548263,14724078148,16033517403,17758050016,17389101639,20618363252,24488176541,25737594324,24188038474
Israel,ISR,Middle East & North Africa,High income,132343000000,130756000000,121124000000,126966000000,135477000000,142529000000,154034000000,178959000000,216105000000,207468000000,233996000000,261469000000,257180000000,292636000000,309558000000,299813000000,318951000000,353253000000,370588000000,394652000000
Italy,ITA,Europe & Central Asia,High income,1143830000000,1167010000000,1270710000000,1574150000000,1803230000000,1857520000000,1947920000000,2210290000000,2398860000000,2191240000000,2134020000000,2291990000000,2087080000000,2141320000000,2159130000000,1835900000000,1875800000000,1961800000000,2091540000000,2003580000000
Jamaica,JAM,Latin America & Caribbean,Upper middle income,8985352832,9194717836,9719017926,9430230564,10174664854,11243868486,11930171468,12799593018,13709402085,12120460873,13220556883,14444655300,14807086889,14262589158,13897804560,14187696311,14075894320,14806340821,15713908816,16458071068
Jordan,JOR,Middle East & North Africa,Upper middle income,8460424401,8975689845,9582453032,10195660790,11411390409,12588665303,15056929760,17110587447,22657662395,24537876124,27133804244,29524149165,31634561670,34454440181,36847643587,38587017944,39892551149,41408960787,42932112676,44502895862
Japan,JPN,East Asia & Pacific,High income,4887520000000,4303540000000,4115120000000,4445660000000,4815150000000,4755410000000,4530380000000,4515260000000,5037910000000,5231380000000,5700100000000,6157460000000,6203210000000,5155720000000,4850410000000,4389480000000,4922540000000,4866860000000,4954810000000,5081770000000
Kazakhstan,KAZ,Europe & Central Asia,Upper middle income,18291990619,22152694162,24636593223,30833699703,43151647003,57123671734,81003884545,104850000000,133442000000,115309000000,148047000000,192627000000,207999000000,236635000000,221416000000,184388000000,137278000000,166806000000,179340000000,181666000000
Kenya,KEN,Sub-Saharan Africa,Lower middle income,12705357103,12986007426,13147743911,14904517650,16095337094,18737897745,25825524821,31958195182,35895153328,37021512049,40000088347,41953433591,50412754861,55096728048,61448046802,64007750169,69188755364,78965004656,87778582964,95503088538
Kyrgyz Republic,KGZ,Europe & Central Asia,Lower middle income,1369688498,1525116370,1605643105,1919008090,2211534585,2460248026,2834168889,3802566171,5139957785,4690062255,4794357795,6197766119,6605139933,7335027592,7468096567,6678178340,6813092066,7702934800,8271108638,8454619608
Cambodia,KHM,East Asia & Pacific,Lower middle income,3677897739,3984000517,4284028483,4658246918,5337833248,6293046162,7274595707,8639235842,10351914093,10401851851,11242275199,12829541141,14054443213,15227991395,16702610842,18049954289,20016747754,22177200512,24571753583,27089389787
Kiribati,KIR,East Asia & Pacific,Lower middle income,67254174.4,63101272.37,72196457.68,90231856.8,102367039.3,112133944.3,110234939.8,132671743,141042610.3,132420059.3,156120895.2,181705002.6,190243321.6,185113921.6,179703443.3,171117872.4,178328873,187276210.9,196737896,194647201.9
St. Kitts and Nevis,KNA,Latin America & Caribbean,High income,421473325.2,458643829,481077373.7,469869869.9,506900000,547203703.7,644411111.1,689285185.2,751233333.3,747862963,760170370.4,817759259.3,800414814.8,839774074.1,916566666.7,923155555.6,971166666.7,996944444.4,1010822222,1053244444
"Korea, Rep.",KOR,East Asia & Pacific,High income,576178000000,547658000000,627246000000,702717000000,793175000000,934901000000,1053220000000,1172610000000,1047340000000,943942000000,1144070000000,1253220000000,1278430000000,1370800000000,1484320000000,1465770000000,1500110000000,1623900000000,1724850000000,1646740000000
Kuwait,KWT,Middle East & North Africa,High income,37712842243,34887512227,38137545245,47876510067,59439090601,80798630137,101549000000,114640000000,147395000000,105963000000,115419000000,154068000000,174070000000,174161000000,162631000000,114567000000,109420000000,120707000000,140645000000,134629000000
Latin America & Caribbean (excluding high income),LAC,"","",2085520000000,2036340000000,1811640000000,1843490000000,2120980000000,2577940000000,3026670000000,3590490000000,4203540000000,3939460000000,4911340000000,5592260000000,5629210000000,5755370000000,5891060000000,5006910000000,4865730000000,5425410000000,5226070000000,5149600000000
Lao PDR,LAO,East Asia & Pacific,Lower middle income,1731198022,1768619058,1758176653,2023324407,2366398120,2735558726,3452882514,4222962988,5443915121,5832915387,7127792630,8749241114,10191350120,11942230508,13268458232,14390442307,15805692546,16853087485,17953786416,18173839147
Lebanon,LBN,Middle East & North Africa,Upper middle income,17260364842,17649751244,19152238806,20082918740,21159827992,21497336499,22022709852,24827355015,29118916106,35399582929,38443907042,39927125961,44035991746,46909335135,48134486625,49939374833,51205122504,53140638269,54961275742,51991634492
Liberia,LBR,Sub-Saharan Africa,Low income,874000000,906000000,927000000,748000000,897000000,949000000,1119000000,1373000000,1726000000,1768000000,1998000000,2398000000,2721000000,3067000000,3144000000,3177000000,3277826000,3285455000,3264000000,3070518100
Libya,LBY,Middle East & North Africa,Upper middle income,38270206950,34110064452,20481889764,26265625000,33122307692,47334148578,54961936663,67516236338,87140405361,63028320702,74773444901,34699395524,81873662519,65502870174,41142722414,27842131480,26197143268,37883243650,52607888718,52091152228
St. Lucia,LCA,Latin America & Caribbean,Upper middle income,932592592.6,892592592.6,900000000,987407407.4,1066666667,1135555556,1268319185,1336088815,1437731111,1401507889,1486758037,1576988407,1605146778,1664816741,1755130815,1808079889,1865375222,1999090407,2065875074,2122450630
Latin America & Caribbean,LCN,"","",2292220000000,2242700000000,2012310000000,2055240000000,2368620000000,2864000000000,3356730000000,3954480000000,4595390000000,4319280000000,5354420000000,6087460000000,6150620000000,6301890000000,6425250000000,5529110000000,5398480000000,5995430000000,5823560000000,5733770000000
Least developed countries: UN classification,LDC,"","",219133000000,209370000000,226976000000,256797000000,293986000000,344775000000,401744000000,481395000000,596680000000,601299000000,682181000000,778767000000,826383000000,901616000000,974055000000,966459000000,950658000000,1033420000000,1073440000000,1115240000000
Low income,LIC,"","",134081000000,125540000000,134731000000,147237000000,170966000000,200024000000,233740000000,286017000000,347033000000,357688000000,392095000000,427683000000,449652000000,492864000000,527424000000,533735000000,488937000000,503284000000,518429000000,541512000000
Liechtenstein,LIE,Europe & Central Asia,High income,2483953103,2491822707,2688630823,3070691320,3454362686,3659251526,4000239273,4601299567,5081432924,4504549214,5082366478,5739977477,5456009385,6391735894,6657170923,6268391521,6237264055,6552858739,6876981286,
Sri Lanka,LKA,South Asia,Lower middle income,16330814180,15749753805,16536535647,18881765437,20662525941,24405791045,28279814925,32350248411,40713812310,42066217872,56725749222,65292753005,68434409315,74317806538,79356449841,80604080689,82401038710,87428125558,88425889592,84008783756
Lower middle income,LMC,"","",1219870000000,1239150000000,1308780000000,1492460000000,1732760000000,2021660000000,2377080000000,2912590000000,3262220000000,3291530000000,3931120000000,4422890000000,4668070000000,4918040000000,5226220000000,5182270000000,5360980000000,5768760000000,6007310000000,6334930000000
Low & middle income,LMY,"","",5962900000000,6028840000000,6147810000000,6920690000000,8213870000000,9788920000000,11634600000000,14391400000000,17275100000000,16903700000000,20544000000000,24257500000000,25911900000000,27445100000000,28483300000000,27066500000000,27200400000000,29869800000000,31818000000000,32643500000000
Lesotho,LSO,Sub-Saharan Africa,Lower middle income,887295267.9,825706961.2,775780697.7,1157832935,1511236656,1682350935,1800105590,1716262753,1758534995,1773199523,2269525779,2622336148,2526185314,2421470018,2499803984,2372280103,2165408359,2405289384,2575892262,2376328637
Late-demographic dividend,LTE,"","",3403050000000,3517450000000,3726390000000,4246950000000,5106200000000,6163710000000,7439480000000,9373020000000,11652600000000,11261300000000,13506400000000,16458800000000,17607200000000,18977300000000,19698500000000,18471400000000,18516600000000,20547400000000,22508800000000,22920400000000
Lithuania,LTU,Europe & Central Asia,High income,11524776867,12237388002,14259781159,18781721376,22627507452,26097677572,30183575104,39697891352,47797551588,37388122046,37138464733,43582248870,42943442158,46514471182,48574531942,41418872976,43018087238,47758736932,53722883091,54627411860
Luxembourg,LUX,Europe & Central Asia,High income,21263514833,21272418792,23616328816,29557325056,34685281848,37347394603,42414308117,50888134410,55849686539,51370543206,53212476812,60004630234,56677961787,61739352212,66103853237,57744457955,60691483443,64181944723,70919958016,71104919108
Latvia,LVA,Europe & Central Asia,High income,7949253766,8351415939,9545172806,11749456401,14401882399,16959313006,21517445448,31004884421,35756225698,26317286628,23877564356,28619991392,28330632929,30432796306,31329367173,27239653844,28052325862,30458763246,34416012859,34102913582
"Macao SAR, China",MAC,East Asia & Pacific,High income,6720492406,6811227983,7322677820,8195033162,10585624891,12092222042,14789661809,18340447243,20917444920,21475520709,28123640999,36709860068,43031577366,51552075902,55347998648,45361678147,45387299721,50751059058,55084050790,53859116536
Morocco,MAR,Middle East & North Africa,Lower middle income,38857251336,39459581217,42236836821,52064058834,59626020162,62343022651,68640825481,79041294874,92507257784,92897320376,93216746662,101370000000,98266306615,106826000000,110081000000,101180000000,103312000000,109683000000,118096000000,119700000000
Monaco,MCO,Europe & Central Asia,High income,2647883816,2718868306,2968987019,3601321065,4137913500,4203084194,4582988333,5867916781,6476490406,5451653237,5367625613,6088808463,5743029680,6555983530,7069616049,6261622101,6472990923,6431314957,7188238073,
Moldova,MDA,Europe & Central Asia,Lower middle income,1288429392,1480673594,1661818168,1980907435,2598249556,2988348836,3408244549,4401189466,6054849885,5439422031,6974960345,8414360656,8709165249,9496684701,9510219299,7745231660,8071480541,9669759987,11456717193,11968713370
Madagascar,MDG,Sub-Saharan Africa,Low income,4629247091,5438332738,5351701534,6372498720,5064732716,5859269849,6395712392,8524620739,10725137478,9616879921,9982711030,11551821062,11578978053,12423557907,12522959157,11323023787,11848615018,13176313233,13853433948,14114631281
Maldives,MDV,South Asia,Upper middle income,624337145.3,870179738.6,897031250,1052121055,1226829563,1163362438,1575200391,1868383461,2271646188,2345294875,2588176055,2774351760,2886170572,3295011382,3697351594,4109447297,4379115588,4754352301,5299773145,5642179170
Middle East & North Africa,MEA,"","",966794000000,969438000000,963815000000,1086470000000,1271710000000,1530650000000,1791630000000,2124010000000,2655740000000,2372560000000,2768050000000,3280520000000,3576380000000,3548730000000,3569880000000,3143960000000,3155520000000,3272610000000,3566140000000,3649610000000
Mexico,MEX,Latin America & Caribbean,Upper middle income,707907000000,756706000000,772106000000,729336000000,782241000000,877476000000,975387000000,1052700000000,1109990000000,900045000000,1057800000000,1180490000000,1201090000000,1274440000000,1315350000000,1171870000000,1078490000000,1158910000000,1222350000000,1268870000000
Marshall Islands,MHL,East Asia & Pacific,Upper middle income,115347500,122824000,131738200,131398500,133806400,141922500,145474100,153884600,153135800,151772600,162164700,174332100,182874800,187707400,184689500,184599600,200558400,212881000,221278000,
Middle income,MIC,"","",5832220000000,5905410000000,6016120000000,6776420000000,8046040000000,9592230000000,11404400000000,14109500000000,16933800000000,16555400000000,20154600000000,23825700000000,25456300000000,26949400000000,27956200000000,26539200000000,26707900000000,29355500000000,31284000000000,32087900000000
North Macedonia,MKD,Europe & Central Asia,Upper middle income,3772851420,3709637830,4018365247,4946292775,5682719260,6258600714,6861222332,8336478142,9909548411,9401731496,9407168702,10494632699,9745251126,10817712139,11362272838,10064515432,10672471861,11307058382,12683073866,12547040499
Mali,MLI,Sub-Saharan Africa,Low income,2954129566,3465305993,3889758024,4703504467,5444474268,6247496491,6905876385,8145694632,9798741074,10190945007,10689167195,12995074801,12441946098,13242680705,14364859446,13104802016,14025944550,15365627045,17070758732,17279566719
Malta,MLT,Middle East & North Africa,High income,4069515557,4088368962,4470446352,5448415540,6098092512,6416184236,6778324087,7925371459,9090406750,8696366869,9035932178,9638916472,9462238257,10551661220,11626281450,11091434435,11665231192,13146963159,14750790658,14989415684
Myanmar,MMR,East Asia & Pacific,Lower middle income,8905066164,6477790688,6777632512,10467109978,10567354056,11986972419,14502553710,20182477481,31862554102,36906181381,49540813342,59977326086,59937797559,60269734045,65446199788,67822772707,67184236747,68945867478,76168043982,76085852617
Middle East & North Africa (excluding high income),MNA,"","",451664000000,466337000000,450774000000,508947000000,593346000000,698844000000,811977000000,1003230000000,1243190000000,1200040000000,1384800000000,1566920000000,1729640000000,1619240000000,1599400000000,1440210000000,1459990000000,1436550000000,1520420000000,
Montenegro,MNE,Europe & Central Asia,Upper middle income,984297589.4,1159869246,1284685051,1707710053,2073234418,2257174481,2721903149,3680711744,4545674528,4159330370,4142931813,4544575152,4087561650,4464502434,4587741791,4053097851,4373958354,4844606146,5504255214,5542577965
Mongolia,MNG,East Asia & Pacific,Lower middle income,1136896124,1267997934,1396555720,1595297356,1992066808,2523471532,3414055566,4234999823,5623216449,4583850368,7189481824,10409797649,12292770631,12582122604,12226514722,11749620620,11186734674,11425755280,13108769496,13996719329
Northern Mariana Islands,MNP,East Asia & Pacific,High income,,,1284000000,1239000000,1210000000,1061000000,990000000,938000000,939000000,795000000,799000000,733000000,751000000,782000000,845000000,931000000,1250000000,1601000000,1323000000,
Mozambique,MOZ,Sub-Saharan Africa,Low income,5656473652,5398568544,5677003239,6303391144,7631120533,8542070110,9176889070,10450843291,12556195189,11914471497,11104648673,14381552433,16350804543,16974320551,17716084108,15950969019,11936999283,13219084261,14845870051,15291448212
Mauritania,MRT,Sub-Saharan Africa,Lower middle income,1779521110,1746064719,1777058593,2051147607,2362501023,2936019526,4008583968,4328063511,5138471610,4725200358,5628882266,6764635687,6728208836,7223063170,6592537782,6166857629,6398744505,6758390729,7049169771,7600656944
Mauritius,MUS,Sub-Saharan Africa,High income,4663313620,4613630623,4841310240,5816553827,6578844486,6488750453,7028803366,8150138757,9990370016,9128843109,10003670690,11518393367,11668685524,12129642296,12803445934,11692287066,12232463656,13259351418,14181951059,14048430519
Malawi,MWI,Sub-Saharan Africa,Low income,1743506531,1716502862,3495748398,3208837077,3476094499,3655909664,3998020177,4432937046,5321012192,6191127665,6959655571,8004000737,6028487929,5518880769,6047813437,6373212641,5433040160,6303292264,6917301909,7666704427
Malaysia,MYS,East Asia & Pacific,Upper middle income,93789736842,92783947368,100846000000,110202000000,124749000000,143534000000,162691000000,193548000000,230814000000,202258000000,255017000000,297952000000,314443000000,323277000000,338062000000,301355000000,301255000000,319112000000,358715000000,364681000000
North America,NAC,"","",10998100000000,11321900000000,11698300000000,12354800000000,13241400000000,14210900000000,15136200000000,15923600000000,16269000000000,15826700000000,16612200000000,17337500000000,18032100000000,18638500000000,19337100000000,19787500000000,20250100000000,21176400000000,22303600000000,23177100000000
Namibia,NAM,Sub-Saharan Africa,Upper middle income,3833993703,3476452446,3275669889,4811994025,6480441754,7101514450,7840138006,8729714008,8496492492,8825055228,11268186636,12343501808,13041886316,12011207741,12356482989,11272143473,10665634688,12741746524,13454211344,12366528259
New Caledonia,NCL,East Asia & Pacific,High income,2682347064,,,,,,,,,,,,,,,,,,,
Niger,NER,Sub-Saharan Africa,Low income,2236185390,2448714681,2782192987,3394084885,3760443966,4383315657,4756361480,5731485267,7297600897,7352131669,7851191899,8772951262,9426913349,10224897935,10862944204,9685577941,10355006770,11189541083,12846952857,12911689659
Nigeria,NGA,Sub-Saharan Africa,Lower middle income,69448756933,74030364472,95385819321,104912000000,136386000000,176134000000,236104000000,275626000000,337036000000,291880000000,361457000000,404994000000,455502000000,508693000000,546676000000,486803000000,404650000000,375746000000,397190000000,448120000000
Nicaragua,NIC,Latin America & Caribbean,Lower middle income,5107329007,5323146566,5224213018,5322454926,5795568205,6321335612,6763361733,7423367753,8496946608,8298729074,8758639096,9774262742,10532049077,10982938826,11880434071,12756706583,13286083645,13785909906,13063904770,12520915291
Netherlands,NLD,Europe & Central Asia,High income,416443000000,431213000000,471614000000,578792000000,657172000000,685093000000,733341000000,847482000000,947998000000,868077000000,846555000000,904086000000,838971000000,876924000000,890981000000,765265000000,783528000000,833870000000,914043000000,907051000000
Norway,NOR,Europe & Central Asia,High income,171247000000,173972000000,195524000000,228859000000,264512000000,308884000000,345581000000,400937000000,462250000000,386190000000,428757000000,498283000000,509506000000,522762000000,498410000000,385802000000,368820000000,398394000000,434167000000,403336000000
Nepal,NPL,South Asia,Lower middle income,5494252208,6007055042,6050875807,6330473097,7273938315,8130258041,9043715356,10325618017,12545438605,12854985464,16002656434,18913574371,18851513891,19271168018,20002968838,21410840909,21185922408,25180583770,29173513476,30641380604
Nauru,NRU,East Asia & Pacific,High income,,,,,,,,,,,47564520.39,66055407.67,96927201.48,98491843.64,104654365.2,86779266.16,100087349,109585941.6,124021393.7,118223430.1
New Zealand,NZL,East Asia & Pacific,High income,52623281957,53872425917,66627729311,88250885550,103905000000,114720000000,111609000000,137320000000,133290000000,121358000000,146619000000,168510000000,176248000000,190846000000,200922000000,177468000000,188224000000,205416000000,207921000000,206929000000
OECD members,OED,"","",27502300000000,27256700000000,28434500000000,31819700000000,35427400000000,37479700000000,39551600000000,43291500000000,45871900000000,42944800000000,45050500000000,48451000000000,48424400000000,49078600000000,50111800000000,47286500000000,48179000000000,50320200000000,53201600000000,53699400000000
Oman,OMN,Middle East & North Africa,High income,19507452508,19452000476,20142756175,21633708220,24763713001,31081991725,37215779656,42085379489,60905452458,48388363516,56913065779,67872692582,76511059936,78555637365,80686854743,68399663322,65480507171,70598026283,79788768969,76331518669
Other small states,OSS,"","",91292277740,90837472119,98021489629,122019000000,151452000000,183431000000,215365000000,263839000000,322768000000,277239000000,322445000000,396955000000,414385000000,432375000000,446839000000,370774000000,366401000000,398893000000,442418000000,432093000000
Pakistan,PAK,South Asia,Lower middle income,82017743416,79484403985,79904985385,91760542940,107760000000,120055000000,137264000000,152386000000,170078000000,168153000000,177166000000,213587000000,224384000000,231219000000,244361000000,270556000000,278655000000,304567000000,314568000000,278222000000
Panama,PAN,Latin America & Caribbean,High income,12304115000,12502013400,12994310400,13693981200,15013381700,16374393900,18141666300,21295984200,25155888600,27116635600,29440300000,34686200000,40429700000,45600000000,49921500000,54091700000,57907700000,62219000000,65128200000,66800800000
Peru,PER,Latin America & Caribbean,Upper middle income,51744749133,52030158775,54777553515,58731030122,66768703498,76060606061,88643193062,102171000000,120551000000,120823000000,147529000000,171762000000,192649000000,201175000000,200789000000,189805000000,191896000000,211007000000,222045000000,226848000000
Philippines,PHL,East Asia & Pacific,Lower middle income,83670261708,78921071499,84307369867,87039145965,95001994600,107420000000,127653000000,155980000000,181007000000,176132000000,208369000000,234217000000,261921000000,283903000000,297484000000,306446000000,318627000000,328481000000,346842000000,376796000000
Palau,PLW,East Asia & Pacific,High income,146297500,156907900,163184900,153963200,165186200,190452900,192382400,198897700,198283900,187522800,185943000,196911100,212397800,221117200,241669800,280457700,295065400,286106800,280435700,268354919.4
Papua New Guinea,PNG,East Asia & Pacific,Lower middle income,3521339699,3081024212,2999511040,3536411824,3927157867,4865892972,8355006711,9545177005,11670840924,11619637816,14250755222,17984910496,21295659249,21261432775,23210682537,21723531182,20759069105,22742613549,24109509856,24829107011
Poland,POL,Europe & Central Asia,High income,172219000000,190905000000,199072000000,217827000000,255110000000,306144000000,344622000000,429029000000,533609000000,439738000000,479834000000,528301000000,498524000000,521016000000,542477000000,477812000000,472630000000,526509000000,587412000000,595858000000
Pre-demographic dividend,PRE,"","",243904000000,241261000000,286621000000,326814000000,398185000000,496663000000,628175000000,759477000000,956554000000,868383000000,1018110000000,1181590000000,1301870000000,1428110000000,1507690000000,1340470000000,1218120000000,1267100000000,1338750000000,1403790000000
Puerto Rico,PRI,Latin America & Caribbean,High income,61701800000,69208400000,71623500000,74827400000,80322313000,83914521300,87276164400,89524131600,93639300000,96385600000,98381300000,100352000000,101565000000,102450000000,102446000000,103376000000,104337000000,103446000000,100980000000,104989000000
Portugal,PRT,Europe & Central Asia,High income,118311000000,121499000000,134156000000,164862000000,189035000000,197180000000,208582000000,240191000000,262345000000,243702000000,237881000000,244797000000,216237000000,226370000000,229596000000,199314000000,206286000000,221358000000,242313000000,238785000000
Paraguay,PRY,Latin America & Caribbean,Upper middle income,8855705140,8495806432,7196260657,7691367471,9624440836,10737500188,13429430050,17856270473,24578067861,22341754514,27215968616,33715524704,33283228891,38585317743,40276532541,36164068797,36054281572,39008900332,40384691791,38145288940
West Bank and Gaza,PSE,Middle East & North Africa,Lower middle income,4313600000,4003700000,3555800000,3968000000,4603100000,5125700000,5348300000,5815700000,7310400000,8085700000,9681500000,11186100000,12208400000,13515500000,13989700000,13972400000,15405400000,16128000000,16276600000,
Pacific island small states,PSS,"","",3460016615,3418277942,3583557187,4193500486,4839105125,5361227056,5644071347,6234906114,6627662167,5935601178,6598673080,7737574651,8223336840,8544448804,9271534114,9049548346,9475857773,10212875641,10667782838,10634784073
Post-demographic dividend,PST,"","",26283500000000,26043700000000,27160000000000,30461300000000,33847500000000,35634400000000,37509700000000,40929900000000,43260600000000,40765300000000,42523400000000,45663500000000,45621700000000,46082300000000,47033600000000,44518500000000,45500500000000,47470300000000,50282100000000,50769900000000
French Polynesia,PYF,East Asia & Pacific,High income,3447543138,,,,,,,,,,,,,,,,,,,
Qatar,QAT,Middle East & North Africa,High income,17759890110,17538461538,19363736264,23533791209,31734065934,44530494505,60882142857,79712087912,115270000000,97798351648,125122000000,167775000000,186834000000,198728000000,206225000000,161740000000,151732000000,161099000000,183335000000,175838000000
Romania,ROU,Europe & Central Asia,High income,37253259017,40394824679,46066101951,57806506024,74972669057,98452791983,122023000000,174585000000,214314000000,174104000000,166309000000,183327000000,170636000000,190801000000,199959000000,177729000000,188129000000,211695000000,241457000000,250077000000
Russian Federation,RUS,Europe & Central Asia,Upper middle income,259710000000,306602000000,345470000000,430348000000,591017000000,764017000000,989931000000,1299710000000,1660850000000,1222640000000,1524920000000,2045930000000,2208300000000,2292470000000,2059240000000,1363480000000,1276790000000,1574200000000,1669580000000,1699880000000
Rwanda,RWA,Sub-Saharan Africa,Low income,2068929592,1966668014,1965903268,2138244785,2376384754,2933282015,3319198500,4069636442,5179108956,5673410334,6124120673,6884889636,7655138385,7819538349,8246166341,8545441361,8697268916,9253098954,9635951160,10354417725
South Asia,SAS,"","",630429000000,645870000000,677627000000,791003000000,917089000000,1050590000000,1196090000000,1504190000000,1527470000000,1683460000000,2060780000000,2271840000000,2297330000000,2357130000000,2581820000000,2697260000000,2923010000000,3345720000000,3445470000000,3591840000000
Saudi Arabia,SAU,Middle East & North Africa,High income,189515000000,184137000000,189606000000,215808000000,258742000000,328460000000,376900000000,415965000000,519797000000,429098000000,528207000000,671239000000,735975000000,746647000000,756350000000,654270000000,644936000000,688586000000,786522000000,792967000000
Sudan,SDN,Sub-Saharan Africa,Low income,12257418326,13182979784,14803189093,17646503525,21457470203,26524538566,35822408612,45898948564,54526580232,49957202646,58167563413,57060450038,52766746152,57730380600,64941713057,74294508240,51772232495,45021077955,33128480499,30513456085
Senegal,SEN,Sub-Saharan Africa,Lower middle income,5924239701,6174898370,6752510283,8683229268,10167441854,11022821632,11847848225,14285970085,16949789465,16248212852,16230887978,17902207622,17824398469,18965572150,19797254643,17774766636,19040312815,20996564752,23236007428,23578084052
Singapore,SGP,East Asia & Pacific,High income,96074477958,89794943350,92537752709,97645448284,115035000000,127808000000,148630000000,180942000000,193612000000,194152000000,239809000000,279351000000,295087000000,307576000000,314851000000,308004000000,318652000000,341863000000,373217000000,372063000000
Solomon Islands,SLB,East Asia & Pacific,Lower middle income,429169368.6,424403183,356507823.6,352522682.2,397611126.7,476898763.6,538668769.3,620230005.2,699157191,735940409.7,846797693.6,1049952233,1190994127,1284698922,1335538893,1307061544,1378551118,1483758907,1593964162,1589913622
Sierra Leone,SLE,Sub-Saharan Africa,Low income,635874002.2,1090467712,1253340520,1385810072,1448536631,1650494367,1885112202,2158496873,2505458705,2453899847,2578026297,2942546781,3801862611,4920343195,5015157816,4218723875,3674794530,3739577973,4085114794,4121733705
El Salvador,SLV,Latin America & Caribbean,Lower middle income,11784927700,12282533600,12664190300,13243892200,13724810900,14698001400,15999886400,17011750900,17986890000,17601620000,18447920000,20283790000,21386140000,21990970000,22593480000,23438240000,24191440000,24979200000,26117400000,27022640000
San Marino,SMR,Europe & Central Asia,High income,1005159388,1077413479,1168269231,1464326161,1723750000,1785847531,1908167106,2185874624,2393437820,2056126702,1881214371,1813752784,1604779648,1678841812,1673973695,1419394771,1468377272,1528630707,1655300873,
Serbia,SRB,Europe & Central Asia,Upper middle income,6875845987,12960538724,17120906918,22482365322,26141968161,27683225959,32482070360,43170990616,52194221469,45162894381,41819468692,49258136129,43309252921,48394239475,47062206678,39655958843,40692643373,44179055280,50640650221,51475016532
Sub-Saharan Africa (excluding high income),SSA,"","",395043000000,376899000000,411121000000,515543000000,641981000000,763956000000,907823000000,1053810000000,1208270000000,1151770000000,1365550000000,1541360000000,1622380000000,1728630000000,1794600000000,1648850000000,1526700000000,1626990000000,1705380000000,1751180000000
South Sudan,SSD,Sub-Saharan Africa,Low income,,,,,,,,,14586253383,12231264525,14602072411,14907308933,11931472169,18426469017,13962212847,11997800760,,,,
Sub-Saharan Africa,SSF,"","",400343000000,382158000000,416683000000,522089000000,649419000000,771369000000,915865000000,1062980000000,1219230000000,1161740000000,1376530000000,1553950000000,1635110000000,1742080000000,1808740000000,1661910000000,1540370000000,1641780000000,1721160000000,1766940000000
Small states,SST,"","",128940000000,129496000000,138587000000,165749000000,199540000000,237701000000,276673000000,331945000000,399736000000,342585000000,393568000000,474361000000,494659000000,514337000000,530544000000,452652000000,445069000000,480559000000,528053000000,520457000000
Suriname,SUR,Latin America & Caribbean,Upper middle income,947671969.7,834279357.8,1093574468,1274190311,1484092538,1793388732,2626380435,2936612022,3532969035,3875409836,4368398048,4422276622,4980000000,5145757576,5240606061,4787367928,3128953537,3216207914,3464656616,3697371950
Slovak Republic,SVK,Europe & Central Asia,High income,29169953013,30752150336,35130340674,46816589165,57332015148,62785305310,70708098106,86454081577,100470000000,89046289247,90310718349,99122802874,94534730681,98848641555,101190000000,88467555244,89655253976,95494424979,105702000000,105080000000
Slovenia,SVN,Europe & Central Asia,High income,20289627637,20876309970,23489890274,29634713641,34414784504,36206395971,39481045038,48006372844,55552509155,50368056405,48161250405,51516366655,46580457470,48401896808,49930685013,43090173395,44736333522,48586603448,54161636035,54174227309
Sweden,SWE,Europe & Central Asia,High income,262835000000,242396000000,266849000000,334337000000,385118000000,392218000000,423093000000,491253000000,517706000000,436537000000,495813000000,574094000000,552484000000,586842000000,581964000000,505104000000,515655000000,541019000000,555455000000,530884000000
Eswatini,SWZ,Sub-Saharan Africa,Lower middle income,1738100853,1542477355,1432228173,2197612767,2770082822,3178126555,3291353806,3469363925,3294093364,3580417161,4438778547,4820499497,4886658806,4597702903,4422304975,4062660890,3816018485,4402973000,4665424249,4471598727
Sint Maarten (Dutch part),SXM,Latin America & Caribbean,High income,,,,,,,,,,,,936089385.5,985865921.8,1022905028,1245251397,1253072626,1263687151,1191620112,1185474860,
Seychelles,SYC,Sub-Saharan Africa,High income,614879764.8,622262057.2,697518248.2,705704816,839319927.3,919103254.5,1016418229,1033561654,967199594,847397850.1,969936525.3,1065826670,1060226126,1328157609,1343007845,1377495054,1426651769,1524486800,1586009000,1703387387
Syrian Arab Republic,SYR,Middle East & North Africa,Low income,19325894913,21099833784,21582248882,21828144686,25086930693,28858965517,33332844575,40405006007,,,,,,,,,,,,
Turks and Caicos Islands,TCA,Latin America & Caribbean,High income,,358744800,366707900,409753600,485598800,578645800,721891500,773489700,862683600,703175800,686787800,728789600,727161000,754238000,841070000,942070000,1032452000,1022365000,1113178000,1197415000
Chad,TCD,Sub-Saharan Africa,Low income,1385058162,1710843361,1997005787,2742815195,4422855929,6649307057,7428701809,8650138069,10393834721,9290728773,10668102735,12172309523,12367363678,12953535496,13940768066,10950392220,10097778354,10000395242,11239167048,11314951343
Togo,TGO,Sub-Saharan Africa,Low income,1488185772,1481141850,1698678686,2111093198,2255942249,2280575830,2349495621,2659095101,3310277927,3365711796,3429461495,3872459250,3873308389,4321655656,4574986537,4180866177,4486979198,4819949975,5364369026,5490272413
Thailand,THA,East Asia & Pacific,Upper middle income,126392000000,120296000000,134301000000,152281000000,172896000000,189319000000,221758000000,262942000000,291383000000,281710000000,341105000000,370819000000,397558000000,420333000000,407339000000,401296000000,413430000000,456295000000,506514000000,543549000000
Tajikistan,TJK,Europe & Central Asia,Low income,860521119.3,1080768907,1221120799,1555301496,2076182461,2312327536,2830220713,3719506173,5161337336,4979481980,5642178580,6522732203,7633049792,8448469838,9112544556,7854602392,6952678127,7157865188,7522947810,8116626794
Turkmenistan,TKM,Europe & Central Asia,Upper middle income,2904662605,3534803922,4461978499,5977560877,6838351088,8103901996,10276674365,12664165103,19271523179,20214385965,22583157895,29233333333,35164210526,39197543860,43524210526,35799714286,36180000000,37926285714,40761142857,
Timor-Leste,TLS,East Asia & Pacific,Lower middle income,367087900,477457500,469461100,490400300,440732900,462261800,453796000,542795300,648492700,726881600,881826900,1054725400,1147779600,1395524600,1447311400,1594410800,1650608600,1599338100,1559894900,2017924900
Tonga,TON,East Asia & Pacific,Upper middle income,204849594.9,181116944.4,182763673.2,202246980.2,230657956.8,261797595.1,292232126.6,298513956.2,344428609,312377379.3,366840012.4,414523388.5,470714083.4,450643615.2,439878828,437006227.2,420540178.6,460379145,489235527.4,512350059.4
South Asia (IDA & IBRD),TSA,"","",630429000000,645870000000,677627000000,791003000000,917089000000,1050590000000,1196090000000,1504190000000,1527470000000,1683460000000,2060780000000,2271840000000,2297330000000,2357130000000,2581820000000,2697260000000,2923010000000,3345720000000,3445470000000,3591840000000
Trinidad and Tobago,TTO,Latin America & Caribbean,High income,8154338233,8824873259,9008273721,11305459802,13280275123,15982282462,18369361094,21641620050,27871587350,19172165226,22157948396,25433011405,25763220107,27268478565,27615843098,25062893969,22284780327,22474828527,23808146748,24269714810
Tunisia,TUN,Middle East & North Africa,Lower middle income,21473188882,22066101341,23142294436,27453084983,31183139301,32273007554,34378437265,38908069299,44856586316,43454935940,44050929160,45810626509,45044112939,46251061734,47632326088,43173480832,41801210428,39802430355,39770297329,38796687568
Turkey,TUR,Europe & Central Asia,Upper middle income,274303000000,201753000000,240249000000,314595000000,408865000000,506315000000,557076000000,681321000000,770449000000,649289000000,776968000000,838786000000,880556000000,957799000000,938934000000,864314000000,869683000000,858989000000,778382000000,761425000000
Tuvalu,TUV,East Asia & Pacific,Upper middle income,13742057.05,13196544.95,15450994.24,18231078.54,21534931.61,21839098.89,22902861.45,27030374.03,30290219.76,27101076.28,31823518.62,38711810.21,37671774.69,37509075.11,37290607.54,35492074.22,36547799.58,40619251.99,42588164.97,47271463.33
Tanzania,TZA,Sub-Saharan Africa,Lower middle income,13375976354,13581644246,14142035080,15224257698,16675948415,18399046025,18649590248,21843529025,27941177435,29081425282,32014249841,34657139495,39650530214,45680532614,49964788814,47378599025,49774021003,53320625959,58001200572,63177068175
Uganda,UGA,Sub-Saharan Africa,Low income,6193246837,5840503869,6178563591,6606884391,7939487474,9239221859,9977647645,11902564401,14440404021,25019909335,26558906014,27752712167,27188666947,28791625559,32472363452,32248116584,29078719934,30756466548,32916147253,35165157017
Ukraine,UKR,Europe & Central Asia,Lower middle income,31261527363,37972301335,42351593887,50084197498,64819702952,86057915585,107648000000,142580000000,179817000000,117113000000,136013000000,163160000000,175781000000,183310000000,133503000000,91030959455,93355993629,112190000000,130902000000,153781000000
Upper middle income,UMC,"","",4612560000000,4666450000000,4707250000000,5283770000000,6313280000000,7570570000000,9027340000000,11196900000000,13671600000000,13263900000000,16223400000000,19402800000000,20788300000000,22031400000000,22730000000000,21352200000000,21338900000000,23580700000000,25273300000000,25741800000000
Uruguay,URY,Latin America & Caribbean,High income,22823255803,20898788417,13606494597,12045631091,13686329890,17362857685,19579457965,23410572633,30366213118,31660911279,40284481653,47962439303,51264390114,57531233351,57236013088,53274304222,52687612262,59530088537,59596885024,56045912953
United States,USA,North America,High income,10252300000000,10581800000000,10936400000000,11458200000000,12213700000000,13036600000000,13814600000000,14451900000000,14712800000000,14448900000000,14992100000000,15542600000000,16197000000000,16784800000000,17527200000000,18224700000000,18715000000000,19519400000000,20580200000000,21433200000000
Uzbekistan,UZB,Europe & Central Asia,Lower middle income,13760513969,11401421329,9687788513,10134453435,12030023548,14307509839,17330833853,22311393928,29549438884,33689223673,46679875794,56516280748,63628854499,68997168338,76658542757,81847410182,81779012351,59159945321,50392607758,57921286440
St. Vincent and the Grenadines,VCT,Latin America & Caribbean,Upper middle income,396261370.4,430039296.3,461883444.4,481806296.3,521975111.1,550728666.7,610930037,684446259.3,695428851.9,674922481.5,681225925.9,676129629.6,692933333.3,721207407.4,727714814.8,755400000,774429629.6,792177777.8,811300000,824718518.5
"Venezuela, RB",VEN,Latin America & Caribbean,Upper middle income,117141000000,122904000000,92893587734,83620628582,112453000000,145510000000,183478000000,230364000000,315953000000,329788000000,393192000000,316482000000,381286000000,371005000000,482359000000,,,,,
Virgin Islands (U.S.),VIR,Latin America & Caribbean,High income,,,3269000000,3453000000,3799000000,4439000000,4504000000,4803000000,4250000000,4203000000,4339000000,4239000000,4095000000,3762000000,3622000000,3748000000,3863000000,3855000000,,
Vietnam,VNM,East Asia & Pacific,Lower middle income,31172518403,32685198735,35064105501,39552513316,45427854693,57633255618,66371664817,77414425532,99130304099,106015000000,115932000000,135539000000,155820000000,171222000000,186205000000,193241000000,205276000000,223780000000,245214000000,261921000000
Vanuatu,VUT,East Asia & Pacific,Lower middle income,272014693.1,257926881.7,262596597.8,314471328.1,364996869.1,394962552.3,439376794.1,526428309.9,607958616.1,610066628.7,700804286.2,792149700.7,781702874.1,801787555.9,814954307,759689950.9,804332795.6,880043553.7,914700508.2,934239973.8
World,WLD,"","",33623600000000,33430800000000,34712500000000,38948200000000,43874600000000,47526800000000,51512200000000,58043600000000,63690200000000,60410300000000,66125900000000,73460300000000,75161800000000,77316300000000,79453300000000,75217700000000,76369000000000,81306000000000,86439400000000,87734600000000
Samoa,WSM,East Asia & Pacific,Upper middle income,269019710.3,273088357.2,288078881.4,338838639.4,420320176.4,465568018.3,505832439.8,570469196.7,619260721.6,584706020.2,663161517.9,737401692.2,760549587.1,770021664,756919917.3,788307330.6,799376439.5,832153612.6,821496064.5,852250191
Kosovo,XKX,Europe & Central Asia,Upper middle income,1849196082,2535333632,2406270658,2790455728,3556757429,3663101604,3846819721,4655899261,5687417607,5653792720,5835874321,6701698218,6499807272,7074777527,7396705195,6442915788,6719172017,7245707185,7942961738,7926133714
"Yemen, Rep.",YEM,Middle East & North Africa,Low income,9652436180,9861560095,10694628092,11777966673,13872791659,16746344766,19061978586,21650532264,26910851362,25130274124,30906749533,32726417212,35401341663,40415235702,43206469767,42450620876,30935978724,26736139802,23486270352,22581081994
South Africa,ZAF,Sub-Saharan Africa,Upper middle income,136361000000,121515000000,115482000000,175257000000,228590000000,257773000000,271638000000,299416000000,286770000000,295936000000,375349000000,416419000000,396333000000,366829000000,350905000000,317621000000,296357000000,349554000000,368289000000,351432000000
Zambia,ZMB,Sub-Saharan Africa,Lower middle income,3600683040,4094480988,4193845678,4901839731,6221077675,8331870169,12756858899,14056957976,17910858638,15328342304,20265559484,23459515276,25503060420,28045553105,27150728124,21243339048,20954754378,25868165345,26312140829,23309773923
Zimbabwe,ZWE,Sub-Saharan Africa,Lower middle income,6689957600,6777384700,6342116400,5727591800,5805598400,5755215200,5443896500,5291950100,4415702800,9665793300,12041655200,14101920300,17114849900,19091020000,19495519600,19963120600,20548678100,22040902300,24311560500,21440758800
