Country name,Country Code,Year,Life Ladder,Log GDP per capita,Social support,Healthy life expectancy at birth,Freedom to make life choices,Generosity,Perceptions of corruption,Positive affect,Negative affect
Afghanistan,AFG,2010-01-01,4.76,7.65,0.54,51.60,0.60,0.12,0.71,0.62,0.28
Afghanistan,AFG,2011-01-01,3.83,7.62,0.52,51.92,0.50,0.16,0.73,0.61,0.27
Afghanistan,AFG,2012-01-01,3.78,7.71,0.52,52.24,0.53,0.24,0.78,0.71,0.27
Afghanistan,AFG,2013-01-01,3.57,7.73,0.48,52.56,0.58,0.06,0.82,0.62,0.27
Afghanistan,AFG,2014-01-01,3.13,7.72,0.53,52.88,0.51,0.10,0.87,0.53,0.37
Afghanistan,AFG,2015-01-01,3.98,7.70,0.53,53.20,0.39,0.08,0.88,0.55,0.34
Afghanistan,AFG,2016-01-01,4.22,7.70,0.56,53.00,0.52,0.04,0.79,0.56,0.35
Afghanistan,AFG,2017-01-01,2.66,7.70,0.49,52.80,0.43,-0.12,0.95,0.50,0.37
Afghanistan,AFG,2018-01-01,2.69,7.69,0.51,52.60,0.37,-0.09,0.93,0.42,0.40
Afghanistan,AFG,2019-01-01,2.38,7.70,0.42,52.40,0.39,-0.11,0.92,0.35,0.50
Albania,ALB,2010-01-01,5.27,9.30,0.73,66.40,0.57,-0.17,0.73,0.65,0.30
Albania,ALB,2011-01-01,5.87,9.33,0.76,66.68,0.49,-0.20,0.88,0.63,0.26
Albania,ALB,2012-01-01,5.51,9.35,0.78,66.96,0.60,-0.17,0.85,0.61,0.27
Albania,ALB,2013-01-01,4.55,9.36,0.76,67.24,0.63,-0.13,0.86,0.63,0.34
Albania,ALB,2014-01-01,4.81,9.38,0.63,67.52,0.73,-0.02,0.88,0.68,0.33
Albania,ALB,2015-01-01,4.61,9.40,0.64,67.80,0.70,-0.08,0.88,0.69,0.35
Albania,ALB,2016-01-01,4.51,9.44,0.64,68.10,0.73,-0.02,0.90,0.68,0.32
Albania,ALB,2017-01-01,4.64,9.48,0.64,68.40,0.75,-0.03,0.88,0.67,0.33
Albania,ALB,2018-01-01,5.00,9.52,0.68,68.70,0.82,0.01,0.90,0.71,0.32
Albania,ALB,2019-01-01,5.00,9.54,0.69,69.00,0.78,-0.10,0.91,0.68,0.27
Algeria,DZA,2010-01-01,5.46,9.29,,64.50,0.59,-0.21,0.62,,
Algeria,DZA,2011-01-01,5.32,9.30,0.81,64.66,0.53,-0.18,0.64,0.55,0.25
Algeria,DZA,2012-01-01,5.60,9.31,0.84,64.82,0.59,-0.17,0.69,0.60,0.23
Algeria,DZA,2014-01-01,6.35,9.34,0.82,65.14,,,,0.63,0.18
Algeria,DZA,2016-01-01,5.34,9.36,0.75,65.50,,,,0.66,0.38
Algeria,DZA,2017-01-01,5.25,9.35,0.81,65.70,0.44,-0.17,0.70,0.64,0.29
Algeria,DZA,2018-01-01,5.04,9.35,0.80,65.90,0.58,-0.15,0.76,0.59,0.29
Algeria,DZA,2019-01-01,4.74,9.34,0.80,66.10,0.39,0.01,0.74,0.58,0.22
Angola,AGO,2011-01-01,5.59,8.95,0.72,52.50,0.58,0.06,0.91,0.66,0.36
Angola,AGO,2012-01-01,4.36,8.99,0.75,53.20,0.46,-0.14,0.91,0.56,0.30
Angola,AGO,2013-01-01,3.94,9.00,0.72,53.90,0.41,-0.10,0.82,0.66,0.37
Angola,AGO,2014-01-01,3.79,9.02,0.75,54.60,0.37,-0.17,0.83,0.58,0.37
Argentina,ARG,2010-01-01,6.44,10.07,0.93,67.30,0.73,-0.13,0.85,0.85,0.21
Argentina,ARG,2011-01-01,6.78,10.11,0.89,67.48,0.82,-0.17,0.75,0.84,0.23
Argentina,ARG,2012-01-01,6.47,10.09,0.90,67.66,0.75,-0.15,0.82,0.86,0.27
Argentina,ARG,2013-01-01,6.58,10.10,0.91,67.84,0.74,-0.13,0.82,0.84,0.25
Argentina,ARG,2014-01-01,6.67,10.07,0.92,68.02,0.75,-0.16,0.85,0.86,0.24
Argentina,ARG,2015-01-01,6.70,10.08,0.93,68.20,0.88,-0.17,0.85,0.86,0.31
Argentina,ARG,2016-01-01,6.43,10.05,0.88,68.40,0.85,-0.19,0.85,0.84,0.31
Argentina,ARG,2017-01-01,6.04,10.07,0.91,68.60,0.83,-0.19,0.84,0.81,0.29
Argentina,ARG,2018-01-01,5.79,10.03,0.90,68.80,0.85,-0.21,0.86,0.82,0.32
Argentina,ARG,2019-01-01,6.09,10.00,0.90,69.00,0.82,-0.21,0.83,0.83,0.32
Armenia,ARM,2010-01-01,4.37,9.14,0.66,65.20,0.46,-0.18,0.89,0.51,0.43
Armenia,ARM,2011-01-01,4.26,9.18,0.71,65.36,0.46,-0.23,0.87,0.47,0.46
Armenia,ARM,2012-01-01,4.32,9.25,0.68,65.52,0.50,-0.22,0.89,0.52,0.46
Armenia,ARM,2013-01-01,4.28,9.28,0.72,65.68,0.50,-0.20,0.90,0.56,0.45
Armenia,ARM,2014-01-01,4.45,9.31,0.74,65.84,0.51,-0.22,0.92,0.58,0.40
Armenia,ARM,2015-01-01,4.35,9.33,0.72,66.00,0.55,-0.20,0.90,0.59,0.44
Armenia,ARM,2016-01-01,4.33,9.33,0.71,66.30,0.61,-0.17,0.92,0.59,0.44
Armenia,ARM,2017-01-01,4.29,9.40,0.70,66.60,0.61,-0.15,0.86,0.63,0.44
Armenia,ARM,2018-01-01,5.06,9.45,0.81,66.90,0.81,-0.16,0.68,0.58,0.45
Armenia,ARM,2019-01-01,5.49,9.52,0.78,67.20,0.84,-0.17,0.58,0.60,0.43
Australia,AUS,2010-01-01,7.45,10.72,0.95,72.20,0.93,0.32,0.37,0.83,0.22
Australia,AUS,2011-01-01,7.41,10.73,0.97,72.30,0.94,0.37,0.38,0.82,0.20
Australia,AUS,2012-01-01,7.20,10.75,0.94,72.40,0.94,0.27,0.37,0.81,0.21
Australia,AUS,2013-01-01,7.36,10.76,0.93,72.50,0.93,0.27,0.43,0.82,0.18
Australia,AUS,2014-01-01,7.29,10.77,0.92,72.60,0.92,0.32,0.44,0.78,0.25
Australia,AUS,2015-01-01,7.31,10.78,0.95,72.70,0.92,0.33,0.36,0.79,0.21
Australia,AUS,2016-01-01,7.25,10.79,0.94,73.00,0.92,0.24,0.40,0.79,0.24
Australia,AUS,2017-01-01,7.26,10.80,0.95,73.30,0.91,0.32,0.41,0.78,0.23
Australia,AUS,2018-01-01,7.18,10.81,0.94,73.60,0.92,0.15,0.40,0.76,0.19
Australia,AUS,2019-01-01,7.23,10.81,0.94,73.90,0.92,0.12,0.43,0.77,0.20
Austria,AUT,2010-01-01,7.30,10.86,0.91,71.40,0.90,0.13,0.55,0.81,0.16
Austria,AUT,2011-01-01,7.47,10.89,0.94,71.54,0.94,0.13,0.70,0.79,0.15
Austria,AUT,2012-01-01,7.40,10.89,0.95,71.68,0.92,0.12,0.77,0.82,0.16
Austria,AUT,2013-01-01,7.50,10.88,0.95,71.82,0.92,0.17,0.68,0.79,0.16
Austria,AUT,2014-01-01,6.95,10.88,0.90,71.96,0.89,0.12,0.57,0.78,0.17
Austria,AUT,2015-01-01,7.08,10.88,0.93,72.10,0.90,0.10,0.56,0.80,0.16
Austria,AUT,2016-01-01,7.05,10.89,0.93,72.40,0.89,0.08,0.52,0.76,0.20
Austria,AUT,2017-01-01,7.29,10.91,0.91,72.70,0.89,0.13,0.52,0.75,0.18
Austria,AUT,2018-01-01,7.40,10.93,0.91,73.00,0.90,0.05,0.52,0.75,0.23
Austria,AUT,2019-01-01,7.20,10.94,0.96,73.30,0.90,0.06,0.46,0.77,0.21
Azerbaijan,AZE,2010-01-01,4.22,9.57,0.69,63.40,0.50,-0.12,0.86,0.53,0.27
Azerbaijan,AZE,2011-01-01,4.68,9.54,0.73,63.64,0.54,-0.10,0.80,0.54,0.26
Azerbaijan,AZE,2012-01-01,4.91,9.55,0.76,63.88,0.60,-0.14,0.76,0.55,0.27
Azerbaijan,AZE,2013-01-01,5.48,9.59,0.77,64.12,0.67,-0.17,0.70,0.62,0.24
Azerbaijan,AZE,2014-01-01,5.25,9.61,0.80,64.36,0.73,-0.21,0.65,0.60,0.22
Azerbaijan,AZE,2015-01-01,5.15,9.61,0.79,64.60,0.76,-0.20,0.62,0.61,0.21
Azerbaijan,AZE,2016-01-01,5.30,9.56,0.78,64.90,0.71,-0.20,0.61,0.60,0.19
Azerbaijan,AZE,2017-01-01,5.15,9.56,0.79,65.20,0.73,-0.23,0.65,0.59,0.20
Azerbaijan,AZE,2018-01-01,5.17,9.56,0.78,65.50,0.77,-0.23,0.56,0.59,0.19
Azerbaijan,AZE,2019-01-01,5.17,9.58,0.89,65.80,0.85,-0.21,0.46,0.64,0.16
Bahrain,BHR,2010-01-01,5.94,10.71,0.88,66.30,0.86,-0.00,0.71,0.68,0.42
Bahrain,BHR,2011-01-01,4.82,10.70,0.91,66.58,0.87,-0.05,0.58,0.54,0.51
Bahrain,BHR,2012-01-01,5.03,10.72,0.91,66.86,0.68,,0.44,0.59,0.38
Bahrain,BHR,2013-01-01,6.69,10.76,0.88,67.14,0.81,,0.52,0.77,0.31
Bahrain,BHR,2014-01-01,6.17,10.78,,67.42,,,,,
Bahrain,BHR,2015-01-01,6.01,10.79,0.85,67.70,0.85,0.11,,0.72,0.30
Bahrain,BHR,2016-01-01,6.17,10.78,0.86,68.10,0.89,0.09,,0.79,0.28
Bahrain,BHR,2017-01-01,6.23,10.77,0.88,68.50,0.91,0.14,,0.81,0.29
Bahrain,BHR,2019-01-01,7.10,10.71,0.88,69.30,0.91,0.05,,0.76,0.32
Bangladesh,BGD,2010-01-01,4.86,7.97,0.55,60.70,0.66,-0.02,0.77,0.63,0.29
Bangladesh,BGD,2011-01-01,4.99,8.02,0.61,61.12,0.84,-0.07,0.76,0.68,0.23
Bangladesh,BGD,2012-01-01,4.72,8.07,0.58,61.54,0.67,-0.03,0.76,0.71,0.18
Bangladesh,BGD,2013-01-01,4.66,8.12,0.53,61.96,0.74,-0.02,0.74,0.62,0.25
Bangladesh,BGD,2014-01-01,4.64,8.16,0.58,62.38,0.74,-0.10,0.79,,0.23
Bangladesh,BGD,2015-01-01,4.63,8.22,0.60,62.80,0.81,-0.07,0.72,0.63,0.23
Bangladesh,BGD,2016-01-01,4.56,8.27,0.65,63.30,0.87,-0.09,0.69,0.56,0.24
Bangladesh,BGD,2017-01-01,4.31,8.33,0.71,63.80,0.90,0.01,0.64,0.57,0.21
Bangladesh,BGD,2018-01-01,4.50,8.40,0.71,64.30,0.90,-0.04,0.70,0.54,0.36
Bangladesh,BGD,2019-01-01,5.11,8.47,0.67,64.80,0.90,-0.05,0.66,0.54,0.37
Belarus,BLR,2010-01-01,5.53,9.76,0.92,62.30,0.70,-0.16,0.71,0.57,0.21
Belarus,BLR,2011-01-01,5.23,9.81,0.91,62.88,0.66,-0.17,0.67,0.52,0.25
Belarus,BLR,2012-01-01,5.75,9.83,0.90,63.46,0.65,-0.22,0.66,0.52,0.18
Belarus,BLR,2013-01-01,5.88,9.84,0.92,64.04,0.72,-0.18,0.65,0.61,0.21
Belarus,BLR,2014-01-01,5.81,9.86,0.88,64.62,0.65,-0.05,0.68,0.62,0.21
Belarus,BLR,2015-01-01,5.72,9.82,0.92,65.20,0.62,-0.09,0.67,0.58,0.18
Belarus,BLR,2016-01-01,5.18,9.79,0.93,65.50,0.66,-0.13,0.66,0.55,0.18
Belarus,BLR,2017-01-01,5.55,9.81,0.90,65.80,0.62,-0.12,0.65,0.54,0.23
Belarus,BLR,2018-01-01,5.23,9.85,0.90,66.10,0.64,-0.17,0.72,0.45,0.24
Belarus,BLR,2019-01-01,5.82,9.86,0.92,66.40,0.66,-0.19,0.55,0.59,0.19
Belgium,BEL,2010-01-01,6.85,10.78,0.93,70.80,0.81,0.02,0.70,0.83,0.24
Belgium,BEL,2011-01-01,7.11,10.78,0.94,70.92,0.88,-0.01,0.71,0.83,0.23
Belgium,BEL,2012-01-01,6.94,10.78,0.93,71.04,0.86,-0.05,0.76,0.82,0.24
Belgium,BEL,2013-01-01,7.10,10.78,0.91,71.16,0.89,0.02,0.57,0.80,0.22
Belgium,BEL,2014-01-01,6.86,10.80,0.94,71.28,0.86,0.00,0.51,0.80,0.25
Belgium,BEL,2015-01-01,6.90,10.81,0.89,71.40,0.87,0.06,0.47,0.81,0.24
Belgium,BEL,2016-01-01,6.95,10.82,0.93,71.60,0.87,-0.06,0.50,0.76,0.26
Belgium,BEL,2017-01-01,6.93,10.83,0.92,71.80,0.86,0.05,0.54,0.79,0.23
Belgium,BEL,2018-01-01,6.89,10.84,0.93,72.00,0.81,-0.12,0.63,0.75,0.25
Belgium,BEL,2019-01-01,6.77,10.85,0.88,72.20,0.78,-0.17,0.67,0.73,0.24
Belize,BLZ,2014-01-01,5.96,8.88,0.76,62.22,0.87,0.02,0.78,0.75,0.28
Benin,BEN,2011-01-01,3.87,7.90,0.48,51.98,0.77,-0.14,0.85,0.63,0.22
Benin,BEN,2012-01-01,3.19,7.92,0.52,52.26,0.77,-0.11,0.81,0.58,0.23
Benin,BEN,2013-01-01,3.48,7.96,0.58,52.54,0.78,-0.08,0.86,0.70,0.22
Benin,BEN,2014-01-01,3.35,8.00,0.51,52.82,0.78,-0.10,0.85,0.59,0.27
Benin,BEN,2015-01-01,3.62,7.99,0.43,53.10,0.73,-0.03,0.85,0.59,0.37
Benin,BEN,2016-01-01,4.01,7.99,0.49,53.50,0.78,-0.07,0.84,0.61,0.46
Benin,BEN,2017-01-01,4.85,8.02,0.44,53.90,0.73,-0.06,0.77,0.61,0.46
Benin,BEN,2018-01-01,5.82,8.06,0.50,54.30,0.71,0.00,0.75,0.65,0.47
Benin,BEN,2019-01-01,4.98,8.10,0.44,54.70,0.77,-0.02,0.70,0.66,0.44
Bhutan,BTN,2013-01-01,5.57,9.12,0.82,59.60,0.81,0.35,0.80,0.78,0.22
Bhutan,BTN,2014-01-01,4.94,9.17,0.88,59.90,0.83,0.27,0.65,0.86,0.32
Bhutan,BTN,2015-01-01,5.08,9.22,0.85,60.20,0.83,0.28,0.63,0.81,0.31
Bolivia,BOL,2010-01-01,5.78,8.80,0.81,61.00,0.70,-0.07,0.78,0.77,0.35
Bolivia,BOL,2011-01-01,5.78,8.83,0.82,61.34,0.78,-0.04,0.82,0.76,0.36
Bolivia,BOL,2012-01-01,6.02,8.87,0.78,61.68,0.86,-0.01,0.84,0.78,0.41
Bolivia,BOL,2013-01-01,5.77,8.92,0.80,62.02,0.85,-0.07,0.81,0.76,0.41
Bolivia,BOL,2014-01-01,5.86,8.95,0.82,62.36,0.88,0.02,0.83,0.81,0.40
Bolivia,BOL,2015-01-01,5.83,8.99,0.83,62.70,0.88,-0.03,0.86,0.79,0.39
Bolivia,BOL,2016-01-01,5.77,9.01,0.80,63.00,0.88,-0.05,0.85,0.78,0.38
Bolivia,BOL,2017-01-01,5.65,9.04,0.78,63.30,0.88,-0.12,0.82,0.70,0.43
Bolivia,BOL,2018-01-01,5.92,9.07,0.83,63.60,0.86,-0.09,0.79,0.74,0.39
Bolivia,BOL,2019-01-01,5.67,9.07,0.78,63.90,0.88,-0.09,0.86,0.75,0.42
Bosnia and Herzegovina,BIH,2010-01-01,4.67,9.31,0.77,66.70,0.36,-0.13,0.93,0.52,0.41
Bosnia and Herzegovina,BIH,2011-01-01,4.99,9.33,0.73,66.74,0.33,-0.03,0.92,0.60,0.33
Bosnia and Herzegovina,BIH,2012-01-01,4.77,9.34,0.78,66.78,0.42,-0.01,0.95,0.55,0.34
Bosnia and Herzegovina,BIH,2013-01-01,5.12,9.38,0.77,66.82,0.39,0.04,0.97,0.54,0.31
Bosnia and Herzegovina,BIH,2014-01-01,5.25,9.41,0.79,66.86,0.41,0.23,0.98,0.53,0.26
Bosnia and Herzegovina,BIH,2015-01-01,5.12,9.46,0.66,66.90,0.63,-0.05,0.96,0.53,0.29
Bosnia and Herzegovina,BIH,2016-01-01,5.18,9.50,0.81,67.20,0.63,0.13,0.96,0.64,0.30
Bosnia and Herzegovina,BIH,2017-01-01,5.09,9.53,0.78,67.50,0.56,0.09,0.92,0.60,0.27
Bosnia and Herzegovina,BIH,2018-01-01,5.89,9.58,0.84,67.80,0.66,0.12,0.91,0.64,0.28
Bosnia and Herzegovina,BIH,2019-01-01,6.02,9.61,0.87,68.10,0.72,0.08,0.96,0.63,0.24
Botswana,BWA,2010-01-01,3.55,9.56,0.87,52.90,0.83,-0.14,0.81,0.69,0.17
Botswana,BWA,2011-01-01,3.52,9.60,0.86,53.68,0.81,-0.25,0.82,0.74,0.16
Botswana,BWA,2012-01-01,4.84,9.63,0.84,54.46,0.80,-0.20,0.81,0.77,0.17
Botswana,BWA,2013-01-01,4.13,9.73,0.86,55.24,0.77,-0.15,0.75,0.70,0.24
Botswana,BWA,2014-01-01,4.03,9.76,0.86,56.02,0.79,-0.10,0.74,0.67,0.25
Botswana,BWA,2015-01-01,3.76,9.72,0.82,56.80,0.86,-0.12,0.86,0.75,0.26
Botswana,BWA,2016-01-01,3.50,9.75,0.77,57.50,0.85,-0.25,0.73,0.69,0.25
Botswana,BWA,2017-01-01,3.50,9.76,0.77,58.20,0.82,-0.25,0.73,0.66,0.28
Botswana,BWA,2018-01-01,3.46,9.78,0.79,58.90,0.82,-0.25,0.81,0.73,0.27
Botswana,BWA,2019-01-01,3.47,9.79,0.77,59.60,0.83,-0.24,0.79,0.71,0.27
Brazil,BRA,2010-01-01,6.84,9.61,0.91,64.50,0.81,-0.05,0.66,0.82,0.25
Brazil,BRA,2011-01-01,7.04,9.64,0.92,64.76,0.83,-0.07,0.66,0.81,0.27
Brazil,BRA,2012-01-01,6.66,9.65,0.89,65.02,0.85,,0.62,0.75,0.35
Brazil,BRA,2013-01-01,7.14,9.67,0.91,65.28,0.78,-0.09,0.71,0.82,0.28
Brazil,BRA,2014-01-01,6.98,9.66,0.90,65.54,0.71,-0.12,0.71,0.79,0.27
Brazil,BRA,2015-01-01,6.55,9.62,0.91,65.80,0.80,-0.02,0.77,0.76,0.32
Brazil,BRA,2016-01-01,6.37,9.58,0.91,66.00,0.81,-0.10,0.78,0.76,0.30
Brazil,BRA,2017-01-01,6.33,9.58,0.90,66.20,0.76,-0.18,0.79,0.72,0.31
Brazil,BRA,2018-01-01,6.19,9.59,0.88,66.40,0.75,-0.12,0.76,0.75,0.35
Brazil,BRA,2019-01-01,6.45,9.59,0.90,66.60,0.83,-0.06,0.76,0.76,0.34
Bulgaria,BGR,2010-01-01,3.91,9.77,0.84,65.70,0.54,-0.14,0.94,0.55,0.24
Bulgaria,BGR,2011-01-01,3.88,9.80,0.86,65.80,0.66,-0.23,0.95,0.53,0.27
Bulgaria,BGR,2012-01-01,4.22,9.80,0.84,65.90,0.64,-0.17,0.94,0.57,0.24
Bulgaria,BGR,2013-01-01,3.99,9.81,0.83,66.00,0.60,-0.19,0.96,0.62,0.28
Bulgaria,BGR,2014-01-01,4.44,9.84,0.89,66.10,0.58,-0.05,0.95,0.63,0.24
Bulgaria,BGR,2015-01-01,4.87,9.88,0.91,66.20,0.64,-0.20,0.94,0.64,0.21
Bulgaria,BGR,2016-01-01,4.84,9.93,0.93,66.40,0.70,-0.17,0.94,0.62,0.17
Bulgaria,BGR,2017-01-01,5.10,9.97,0.94,66.60,0.69,-0.15,0.91,0.61,0.19
Bulgaria,BGR,2018-01-01,5.10,10.01,0.92,66.80,0.72,-0.18,0.95,0.64,0.19
Bulgaria,BGR,2019-01-01,5.11,10.05,0.95,67.00,0.82,-0.11,0.94,0.66,0.20
Burkina Faso,BFA,2010-01-01,4.04,7.45,0.77,49.70,0.59,-0.04,0.77,0.59,0.22
Burkina Faso,BFA,2011-01-01,4.79,7.49,0.71,50.24,0.72,-0.10,0.71,0.58,0.20
Burkina Faso,BFA,2012-01-01,3.96,7.52,0.74,50.78,0.62,-0.07,0.73,0.54,0.30
Burkina Faso,BFA,2013-01-01,3.33,7.55,0.75,51.32,0.74,-0.02,0.76,0.63,0.29
Burkina Faso,BFA,2014-01-01,3.48,7.56,0.74,51.86,0.71,-0.00,0.80,0.61,0.26
Burkina Faso,BFA,2015-01-01,4.42,7.57,0.71,52.40,0.66,0.00,0.69,0.58,0.36
Burkina Faso,BFA,2016-01-01,4.21,7.60,0.76,52.90,0.64,-0.00,0.72,0.62,0.34
Burkina Faso,BFA,2017-01-01,4.65,7.63,0.78,53.40,0.61,-0.06,0.73,0.59,0.35
Burkina Faso,BFA,2018-01-01,4.93,7.66,0.66,53.90,0.72,-0.01,0.76,0.71,0.34
Burkina Faso,BFA,2019-01-01,4.74,7.69,0.68,54.40,0.68,-0.00,0.73,0.69,0.36
Burundi,BDI,2011-01-01,3.71,6.75,0.42,50.68,0.49,-0.06,0.68,0.69,0.19
Burundi,BDI,2014-01-01,2.90,6.79,0.56,51.82,0.43,-0.06,0.81,0.66,0.25
Burundi,BDI,2018-01-01,3.78,6.64,0.48,53.40,0.65,-0.02,0.60,0.67,0.36
Cambodia,KHM,2010-01-01,4.14,7.91,0.70,58.50,0.94,0.35,0.90,0.77,0.42
Cambodia,KHM,2011-01-01,4.16,7.96,0.72,58.88,0.93,0.42,0.78,0.80,0.31
Cambodia,KHM,2012-01-01,3.90,8.01,0.61,59.26,0.96,0.25,0.89,0.82,0.35
Cambodia,KHM,2013-01-01,3.67,8.07,0.65,59.64,0.94,0.16,0.81,0.79,0.44
Cambodia,KHM,2014-01-01,3.88,8.12,0.69,60.02,0.94,0.24,0.84,0.78,0.48
Cambodia,KHM,2015-01-01,4.16,8.17,0.73,60.40,0.96,0.21,0.83,0.81,0.40
Cambodia,KHM,2016-01-01,4.46,8.23,0.75,60.80,0.96,0.08,0.84,0.84,0.40
Cambodia,KHM,2017-01-01,4.59,8.28,0.77,61.20,0.96,0.09,0.82,0.80,0.41
Cambodia,KHM,2018-01-01,5.12,8.33,0.79,61.60,0.96,0.04,,0.84,0.41
Cambodia,KHM,2019-01-01,5.00,8.39,0.76,62.00,0.96,0.01,0.83,0.84,0.39
Cameroon,CMR,2010-01-01,4.55,8.03,0.76,48.30,0.79,0.00,0.87,0.61,0.27
Cameroon,CMR,2011-01-01,4.43,8.05,0.74,48.70,0.82,-0.03,0.87,0.60,0.27
Cameroon,CMR,2012-01-01,4.24,8.06,0.74,49.10,0.77,-0.03,0.90,0.62,0.28
Cameroon,CMR,2013-01-01,4.27,8.09,0.76,49.50,0.79,-0.03,0.87,0.68,0.27
Cameroon,CMR,2014-01-01,4.24,8.12,0.78,49.90,0.79,-0.07,0.86,0.62,0.22
Cameroon,CMR,2015-01-01,5.04,8.15,0.65,50.30,0.79,0.05,0.87,0.65,0.35
Cameroon,CMR,2016-01-01,4.82,8.17,0.66,51.10,0.71,-0.00,0.88,0.66,0.37
Cameroon,CMR,2017-01-01,5.07,8.18,0.69,51.90,0.77,-0.03,0.84,0.63,0.38
Cameroon,CMR,2018-01-01,5.25,8.19,0.68,52.70,0.82,0.04,0.88,0.64,0.36
Cameroon,CMR,2019-01-01,4.94,8.20,0.71,53.50,0.71,-0.01,0.82,0.63,0.33
Canada,CAN,2010-01-01,7.65,10.72,0.95,72.20,0.93,0.23,0.41,0.88,0.23
Canada,CAN,2011-01-01,7.43,10.74,0.92,72.36,0.95,0.25,0.43,0.88,0.25
Canada,CAN,2012-01-01,7.42,10.74,0.95,72.52,0.92,0.29,0.47,0.86,0.23
Canada,CAN,2013-01-01,7.59,10.76,0.94,72.68,0.92,0.32,0.41,0.85,0.26
Canada,CAN,2014-01-01,7.30,10.78,0.92,72.84,0.94,0.27,0.44,0.83,0.26
Canada,CAN,2015-01-01,7.41,10.77,0.94,73.00,0.93,0.25,0.43,0.85,0.29
Canada,CAN,2016-01-01,7.24,10.77,0.92,73.20,0.91,0.21,0.39,0.82,0.24
Canada,CAN,2017-01-01,7.41,10.79,0.93,73.40,0.95,0.16,0.36,0.86,0.22
Canada,CAN,2018-01-01,7.18,10.80,0.92,73.60,0.95,0.11,0.37,0.82,0.26
Canada,CAN,2019-01-01,7.11,10.80,0.93,73.80,0.91,0.11,0.44,0.82,0.28
Central African Republic,CAF,2010-01-01,3.57,7.09,0.48,42.70,0.69,-0.04,0.85,0.52,0.26
Central African Republic,CAF,2011-01-01,3.68,7.13,0.39,43.08,0.78,-0.02,0.83,0.52,0.28
Central African Republic,CAF,2016-01-01,2.69,6.79,0.29,44.90,0.62,0.03,0.86,0.58,0.49
Central African Republic,CAF,2017-01-01,3.48,6.82,0.32,45.20,0.65,0.07,0.89,0.61,0.60
Chad,TCD,2010-01-01,3.74,7.46,0.73,45.10,0.50,0.02,0.86,0.54,0.29
Chad,TCD,2011-01-01,4.39,7.42,0.82,45.42,0.54,0.03,0.88,0.59,0.29
Chad,TCD,2012-01-01,4.03,7.48,0.67,45.74,0.56,-0.03,0.88,0.53,0.32
Chad,TCD,2013-01-01,3.51,7.50,0.71,46.06,0.49,-0.05,0.88,0.46,0.31
Chad,TCD,2014-01-01,3.46,7.53,0.73,46.38,0.57,-0.07,0.88,0.54,0.33
Chad,TCD,2015-01-01,4.32,7.53,0.75,46.70,0.47,-0.03,0.89,0.61,0.36
Chad,TCD,2016-01-01,4.03,7.43,0.62,47.20,0.53,0.05,0.82,0.58,0.47
Chad,TCD,2017-01-01,4.56,7.37,0.66,47.70,0.61,0.01,0.79,0.63,0.54
Chad,TCD,2018-01-01,4.49,7.36,0.58,48.20,0.65,0.02,0.76,0.55,0.54
Chad,TCD,2019-01-01,4.25,7.36,0.64,48.70,0.54,0.06,0.83,0.59,0.46
Chile,CHL,2010-01-01,6.64,9.93,0.86,68.90,0.79,0.11,0.70,0.81,0.30
Chile,CHL,2011-01-01,6.53,9.98,0.82,69.04,0.70,0.11,0.75,0.80,0.32
Chile,CHL,2012-01-01,6.60,10.02,0.86,69.18,0.73,0.20,0.78,0.82,0.29
Chile,CHL,2013-01-01,6.74,10.05,0.86,69.32,0.74,0.08,0.74,0.86,0.29
Chile,CHL,2014-01-01,6.84,10.06,0.86,69.46,0.73,0.22,0.76,0.87,0.28
Chile,CHL,2015-01-01,6.53,10.07,0.83,69.60,0.77,0.04,0.81,0.80,0.33
Chile,CHL,2016-01-01,6.58,10.07,0.84,69.70,0.65,0.10,0.86,0.87,0.28
Chile,CHL,2017-01-01,6.32,10.07,0.88,69.80,0.79,-0.02,0.84,0.84,0.29
Chile,CHL,2018-01-01,6.44,10.10,0.89,69.90,0.79,-0.06,0.82,0.83,0.28
Chile,CHL,2019-01-01,5.94,10.10,0.87,70.00,0.66,-0.10,0.86,0.81,0.34
China,CHN,2010-01-01,4.65,9.09,0.77,67.60,0.80,-0.13,,0.77,0.16
China,CHN,2011-01-01,5.04,9.18,0.79,67.76,0.82,-0.19,,0.82,0.13
China,CHN,2012-01-01,5.09,9.25,0.79,67.92,0.81,-0.18,,0.82,0.16
China,CHN,2013-01-01,5.24,9.32,0.78,68.08,0.80,-0.16,,0.84,0.14
China,CHN,2014-01-01,5.20,9.39,0.82,68.24,,-0.22,,0.85,0.11
China,CHN,2015-01-01,5.30,9.45,0.79,68.40,,-0.24,,0.81,0.17
China,CHN,2016-01-01,5.32,9.51,0.74,68.70,,-0.23,,0.83,0.15
China,CHN,2017-01-01,5.10,9.57,0.77,69.00,0.88,-0.17,,0.82,0.21
China,CHN,2018-01-01,5.13,9.63,0.79,69.30,0.90,-0.16,,0.86,0.19
China,CHN,2019-01-01,5.14,9.69,0.82,69.60,0.93,-0.17,,0.89,0.15
Colombia,COL,2010-01-01,6.41,9.38,0.89,65.70,0.82,-0.05,0.81,0.83,0.26
Colombia,COL,2011-01-01,6.46,9.44,0.90,65.92,0.81,-0.07,0.85,0.83,0.29
Colombia,COL,2012-01-01,6.37,9.47,0.91,66.14,0.83,-0.01,0.87,0.85,0.29
Colombia,COL,2013-01-01,6.61,9.51,0.90,66.36,0.84,-0.07,0.90,0.85,0.28
Colombia,COL,2014-01-01,6.45,9.55,0.91,66.58,0.80,-0.09,0.89,0.85,0.28
Colombia,COL,2015-01-01,6.39,9.56,0.89,66.80,0.79,-0.10,0.84,0.84,0.29
Colombia,COL,2016-01-01,6.23,9.57,0.88,67.10,0.83,-0.10,0.90,0.79,0.29
Colombia,COL,2017-01-01,6.16,9.57,0.91,67.40,0.84,-0.16,0.88,0.84,0.30
Colombia,COL,2018-01-01,5.98,9.58,0.87,67.70,0.85,-0.15,0.85,0.83,0.30
Colombia,COL,2019-01-01,6.35,9.60,0.87,68.00,0.82,-0.17,0.85,0.82,0.32
Comoros,COM,2010-01-01,3.81,7.96,0.72,54.70,0.53,0.01,0.74,0.73,0.18
Comoros,COM,2011-01-01,3.84,7.98,0.72,55.02,0.50,-0.07,0.73,0.67,0.17
Comoros,COM,2012-01-01,3.96,7.99,0.72,55.34,0.53,-0.12,0.65,0.61,0.21
Comoros,COM,2018-01-01,3.97,8.03,0.62,57.20,0.56,0.09,0.79,0.75,0.34
Comoros,COM,2019-01-01,4.61,8.03,0.63,57.50,0.54,0.08,0.76,0.74,0.34
"Congo, Dem. Rep.",COD,2011-01-01,4.52,6.80,0.74,50.34,0.63,-0.03,0.86,0.62,0.21
"Congo, Dem. Rep.",COD,2012-01-01,4.64,6.83,0.77,50.78,0.56,-0.03,0.81,0.63,0.23
"Congo, Dem. Rep.",COD,2013-01-01,4.50,6.88,0.83,51.22,0.48,0.01,0.91,0.59,0.19
"Congo, Dem. Rep.",COD,2014-01-01,4.41,6.94,0.82,51.66,0.56,0.01,0.81,0.56,0.30
"Congo, Dem. Rep.",COD,2015-01-01,3.90,6.97,0.77,52.10,0.57,-0.05,0.87,0.59,0.30
"Congo, Dem. Rep.",COD,2016-01-01,4.52,6.96,0.86,52.50,0.64,-0.02,0.87,0.65,0.22
"Congo, Dem. Rep.",COD,2017-01-01,4.31,6.97,0.67,52.90,0.70,0.07,0.81,0.55,0.40
"Congo, Rep.",COG,2011-01-01,4.51,8.18,0.64,54.58,0.74,-0.11,0.83,0.62,0.29
"Congo, Rep.",COG,2012-01-01,3.92,8.19,0.62,54.96,0.77,-0.11,0.80,0.56,0.32
"Congo, Rep.",COG,2013-01-01,3.95,8.20,0.68,55.34,0.73,-0.08,0.75,0.61,0.29
"Congo, Rep.",COG,2014-01-01,4.06,8.24,0.69,55.72,0.66,-0.11,0.81,0.60,0.40
"Congo, Rep.",COG,2015-01-01,4.69,8.24,0.64,56.10,0.85,-0.10,0.84,0.61,0.26
"Congo, Rep.",COG,2016-01-01,4.12,8.19,0.62,56.70,0.79,-0.07,0.79,0.61,0.30
"Congo, Rep.",COG,2017-01-01,4.88,8.15,0.66,57.30,0.78,-0.13,0.76,0.60,0.38
"Congo, Rep.",COG,2018-01-01,5.49,8.14,0.62,57.90,0.70,-0.09,0.74,0.59,0.45
"Congo, Rep.",COG,2019-01-01,5.21,8.10,0.62,58.50,0.69,-0.05,0.74,0.65,0.41
Costa Rica,CRI,2010-01-01,7.27,9.68,0.92,69.70,0.88,0.05,0.76,0.89,0.22
Costa Rica,CRI,2011-01-01,7.23,9.71,0.89,69.90,0.93,-0.03,0.84,0.88,0.27
Costa Rica,CRI,2012-01-01,7.27,9.74,0.90,70.10,0.93,0.05,0.79,0.90,0.26
Costa Rica,CRI,2013-01-01,7.16,9.75,0.90,70.30,0.90,0.02,0.81,0.85,0.28
Costa Rica,CRI,2014-01-01,7.25,9.77,0.91,70.50,0.93,0.01,0.79,0.84,0.29
Costa Rica,CRI,2015-01-01,6.85,9.80,0.88,70.70,0.91,-0.06,0.76,0.85,0.29
Costa Rica,CRI,2016-01-01,7.14,9.83,0.90,70.90,0.87,-0.03,0.78,0.87,0.28
Costa Rica,CRI,2017-01-01,7.23,9.86,0.92,71.10,0.94,-0.08,0.74,0.87,0.28
Costa Rica,CRI,2018-01-01,7.14,9.87,0.88,71.30,0.94,-0.11,0.78,0.87,0.33
Costa Rica,CRI,2019-01-01,7.00,9.89,0.91,71.50,0.93,-0.15,0.84,0.85,0.30
Croatia,HRV,2010-01-01,5.60,10.09,0.80,67.90,0.56,-0.24,0.97,0.61,0.26
Croatia,HRV,2011-01-01,5.39,10.09,0.79,68.00,0.52,-0.20,0.98,0.60,0.27
Croatia,HRV,2012-01-01,6.03,10.07,0.78,68.10,0.54,-0.24,0.92,0.62,0.27
Croatia,HRV,2013-01-01,5.89,10.07,0.75,68.20,0.63,-0.20,0.94,0.59,0.28
Croatia,HRV,2014-01-01,5.38,10.07,0.65,68.30,0.52,0.13,0.92,0.60,0.29
Croatia,HRV,2015-01-01,5.21,10.10,0.77,68.40,0.69,-0.10,0.85,0.61,0.29
Croatia,HRV,2016-01-01,5.42,10.15,0.80,69.00,0.67,-0.06,0.88,0.61,0.34
Croatia,HRV,2017-01-01,5.34,10.19,0.77,69.60,0.72,-0.10,0.89,0.66,0.32
Croatia,HRV,2018-01-01,5.54,10.22,0.91,70.20,0.69,-0.15,0.93,0.58,0.29
Croatia,HRV,2019-01-01,5.63,10.26,0.94,70.80,0.74,-0.14,0.93,0.55,0.27
Cyprus,CYP,2010-01-01,6.39,10.55,0.82,72.40,0.76,0.07,0.83,0.79,0.30
Cyprus,CYP,2011-01-01,6.69,10.53,0.84,72.54,0.75,0.18,0.84,0.76,0.27
Cyprus,CYP,2012-01-01,6.18,10.48,0.77,72.68,0.72,0.10,0.87,0.76,0.37
Cyprus,CYP,2013-01-01,5.44,10.41,0.74,72.82,0.66,0.10,0.87,0.75,0.42
Cyprus,CYP,2014-01-01,5.63,10.41,0.77,72.96,0.72,0.06,0.87,0.74,0.40
Cyprus,CYP,2015-01-01,5.44,10.45,0.77,73.10,0.63,0.11,0.89,0.75,0.38
Cyprus,CYP,2016-01-01,5.79,10.51,0.79,73.30,0.76,-0.03,0.90,0.74,0.34
Cyprus,CYP,2017-01-01,6.06,10.54,0.82,73.50,0.81,0.04,0.85,0.78,0.30
Cyprus,CYP,2018-01-01,6.28,10.57,0.83,73.70,0.79,-0.02,0.85,0.75,0.30
Cyprus,CYP,2019-01-01,6.14,10.59,0.78,73.90,0.74,-0.01,0.87,0.76,0.29
Czech Republic,CZE,2010-01-01,6.25,10.42,0.93,68.10,0.78,-0.04,0.93,0.64,0.24
Czech Republic,CZE,2011-01-01,6.33,10.44,0.91,68.24,0.79,-0.11,0.95,0.60,0.25
Czech Republic,CZE,2012-01-01,6.33,10.43,0.91,68.38,0.74,-0.15,0.96,0.61,0.26
Czech Republic,CZE,2013-01-01,6.70,10.42,0.89,68.52,0.73,-0.16,0.92,0.72,0.25
Czech Republic,CZE,2014-01-01,6.48,10.45,0.88,68.66,0.80,-0.17,0.90,0.68,0.24
Czech Republic,CZE,2015-01-01,6.61,10.50,0.91,68.80,0.81,-0.15,0.89,0.75,0.21
Czech Republic,CZE,2016-01-01,6.74,10.52,0.93,69.30,0.85,-0.20,0.90,0.76,0.20
Czech Republic,CZE,2017-01-01,6.79,10.56,0.90,69.80,0.83,-0.18,0.87,0.74,0.23
Czech Republic,CZE,2018-01-01,7.03,10.58,0.93,70.30,0.79,-0.29,0.85,0.71,0.18
"Côte d'Ivoire",CIV,2013-01-01,3.74,8.27,0.71,47.10,0.74,-0.03,0.69,0.74,0.31
"Côte d'Ivoire",CIV,2014-01-01,3.57,8.33,0.71,47.40,0.78,-0.08,0.67,0.65,0.29
"Côte d'Ivoire",CIV,2015-01-01,4.45,8.39,0.70,47.70,0.80,-0.05,0.74,0.66,0.35
"Côte d'Ivoire",CIV,2016-01-01,4.54,8.44,0.62,48.30,0.77,-0.04,0.76,0.70,0.38
"Côte d'Ivoire",CIV,2017-01-01,5.04,8.48,0.66,48.90,0.73,-0.11,0.77,0.70,0.36
"Côte d'Ivoire",CIV,2018-01-01,5.27,8.52,0.62,49.50,0.71,-0.05,0.79,0.68,0.39
"Côte d'Ivoire",CIV,2019-01-01,5.39,8.56,0.68,50.10,0.74,-0.02,0.80,0.67,0.43
Denmark,DNK,2010-01-01,7.77,10.84,0.97,70.40,0.94,0.24,0.17,0.78,0.15
Denmark,DNK,2011-01-01,7.79,10.85,0.96,70.62,0.93,0.30,0.22,0.77,0.17
Denmark,DNK,2012-01-01,7.52,10.85,0.95,70.84,0.93,0.14,0.19,0.77,0.21
Denmark,DNK,2013-01-01,7.59,10.85,0.96,71.06,0.92,0.21,0.17,0.86,0.19
Denmark,DNK,2014-01-01,7.51,10.86,0.96,71.28,0.94,0.12,0.24,0.83,0.23
Denmark,DNK,2015-01-01,7.51,10.88,0.96,71.50,0.94,0.22,0.19,0.83,0.22
Denmark,DNK,2016-01-01,7.56,10.90,0.95,71.80,0.95,0.14,0.21,0.84,0.21
Denmark,DNK,2017-01-01,7.59,10.92,0.95,72.10,0.96,0.16,0.18,0.82,0.21
Denmark,DNK,2018-01-01,7.65,10.93,0.96,72.40,0.94,0.02,0.15,0.82,0.21
Denmark,DNK,2019-01-01,7.69,10.95,0.96,72.70,0.96,0.02,0.17,0.86,0.18
Djibouti,DJI,2010-01-01,5.01,7.81,,54.30,0.76,-0.06,0.60,,
Djibouti,DJI,2011-01-01,4.37,7.88,0.63,54.70,0.75,-0.06,0.52,0.58,0.18
Dominican Republic,DOM,2010-01-01,4.74,9.46,0.86,63.80,0.82,-0.07,0.78,0.79,0.28
Dominican Republic,DOM,2011-01-01,5.40,9.47,0.87,64.02,0.85,0.01,0.79,0.81,0.30
Dominican Republic,DOM,2012-01-01,4.75,9.49,0.88,64.24,0.84,-0.06,0.73,0.80,0.30
Dominican Republic,DOM,2013-01-01,5.02,9.53,0.88,64.46,0.89,0.02,0.75,0.79,0.30
Dominican Republic,DOM,2014-01-01,5.39,9.58,0.89,64.68,0.90,-0.02,0.76,0.80,0.30
Dominican Republic,DOM,2015-01-01,5.06,9.64,0.89,64.90,0.86,-0.07,0.76,0.71,0.30
Dominican Republic,DOM,2016-01-01,5.24,9.69,0.89,65.20,0.87,-0.08,0.74,0.76,0.28
Dominican Republic,DOM,2017-01-01,5.61,9.73,0.89,65.50,0.86,-0.12,0.76,0.74,0.27
Dominican Republic,DOM,2018-01-01,5.43,9.78,0.86,65.80,0.87,-0.15,0.76,0.74,0.29
Dominican Republic,DOM,2019-01-01,6.00,9.82,0.88,66.10,0.88,-0.12,0.75,0.78,0.26
Ecuador,ECU,2010-01-01,5.84,9.24,0.84,66.80,0.72,-0.06,0.81,0.83,0.22
Ecuador,ECU,2011-01-01,5.80,9.30,0.82,66.96,0.79,-0.16,0.70,0.86,0.27
Ecuador,ECU,2012-01-01,5.96,9.34,0.79,67.12,0.83,-0.08,0.73,0.85,0.33
Ecuador,ECU,2013-01-01,6.02,9.38,0.80,67.28,0.79,-0.19,0.65,0.85,0.27
Ecuador,ECU,2014-01-01,5.95,9.40,0.83,67.44,0.72,-0.17,0.66,0.86,0.31
Ecuador,ECU,2015-01-01,5.96,9.38,0.86,67.60,0.80,-0.11,0.67,0.85,0.32
Ecuador,ECU,2016-01-01,6.12,9.35,0.84,67.90,0.85,-0.02,0.77,0.85,0.37
Ecuador,ECU,2017-01-01,5.84,9.36,0.85,68.20,0.88,-0.17,0.73,0.83,0.31
Ecuador,ECU,2018-01-01,6.13,9.36,0.85,68.50,0.87,-0.10,0.83,0.88,0.33
Ecuador,ECU,2019-01-01,5.81,9.34,0.81,68.80,0.83,-0.11,0.84,0.81,0.37
"Egypt, Arab Rep.",EGY,2010-01-01,4.67,9.24,0.77,60.00,0.49,-0.08,0.83,0.57,0.28
"Egypt, Arab Rep.",EGY,2011-01-01,4.17,9.24,0.75,60.16,0.59,-0.15,0.86,0.53,0.35
"Egypt, Arab Rep.",EGY,2012-01-01,4.20,9.24,0.74,60.32,0.45,-0.14,0.88,0.53,0.40
"Egypt, Arab Rep.",EGY,2013-01-01,3.56,9.24,0.68,60.48,0.47,-0.14,0.91,0.55,0.48
"Egypt, Arab Rep.",EGY,2014-01-01,4.89,9.25,0.62,60.64,0.58,-0.13,0.75,0.54,0.33
"Egypt, Arab Rep.",EGY,2015-01-01,4.76,9.27,0.73,60.80,0.66,-0.09,0.68,0.61,0.34
"Egypt, Arab Rep.",EGY,2016-01-01,4.56,9.29,0.81,61.10,0.66,-0.14,0.82,0.61,0.37
"Egypt, Arab Rep.",EGY,2017-01-01,3.93,9.31,0.64,61.40,0.59,-0.15,,0.54,0.41
"Egypt, Arab Rep.",EGY,2018-01-01,4.01,9.34,0.76,61.70,0.68,-0.22,,0.49,0.29
"Egypt, Arab Rep.",EGY,2019-01-01,4.33,9.37,0.77,62.00,0.77,-0.20,,0.52,0.31
El Salvador,SLV,2010-01-01,6.74,8.90,0.76,64.20,0.67,-0.06,0.69,0.81,0.30
El Salvador,SLV,2011-01-01,4.74,8.93,0.73,64.40,0.75,-0.13,0.71,0.88,0.34
El Salvador,SLV,2012-01-01,5.93,8.96,0.81,64.60,0.68,-0.15,0.79,0.83,0.37
El Salvador,SLV,2013-01-01,6.33,8.97,0.83,64.80,0.72,-0.15,0.77,0.83,0.32
El Salvador,SLV,2014-01-01,5.86,8.99,0.80,65.00,0.78,-0.19,0.78,0.84,0.33
El Salvador,SLV,2015-01-01,6.02,9.00,0.79,65.20,0.73,-0.16,0.80,0.83,0.33
El Salvador,SLV,2016-01-01,6.14,9.03,0.79,65.50,0.80,-0.18,0.80,0.76,0.35
El Salvador,SLV,2017-01-01,6.34,9.04,0.83,65.80,0.76,-0.17,0.78,0.85,0.27
El Salvador,SLV,2018-01-01,6.24,9.06,0.82,66.10,0.86,-0.10,0.80,0.86,0.27
El Salvador,SLV,2019-01-01,6.45,9.08,0.76,66.40,0.88,-0.11,0.68,0.87,0.27
Estonia,EST,2011-01-01,5.49,10.25,0.91,66.96,0.74,-0.17,0.69,0.65,0.21
Estonia,EST,2012-01-01,5.36,10.28,0.89,67.22,0.70,-0.19,0.79,0.65,0.20
Estonia,EST,2013-01-01,5.37,10.30,0.90,67.48,0.75,-0.20,0.73,0.70,0.20
Estonia,EST,2014-01-01,5.56,10.33,0.92,67.74,0.77,-0.15,0.65,0.68,0.20
Estonia,EST,2015-01-01,5.63,10.35,0.92,68.00,0.81,-0.16,0.57,0.72,0.18
Estonia,EST,2016-01-01,5.65,10.37,0.94,68.20,0.84,-0.15,0.64,0.73,0.18
Estonia,EST,2017-01-01,5.94,10.43,0.94,68.40,0.86,-0.10,0.67,0.81,0.16
Estonia,EST,2018-01-01,6.09,10.47,0.93,68.60,0.89,-0.14,0.62,0.79,0.16
Estonia,EST,2019-01-01,6.03,10.51,0.93,68.80,0.89,-0.10,0.58,0.80,0.16
Eswatini,SWZ,2011-01-01,4.87,8.94,0.84,40.81,0.61,-0.07,0.92,0.82,0.25
Eswatini,SWZ,2018-01-01,4.21,9.06,0.78,50.35,0.71,-0.18,0.69,0.82,0.25
Eswatini,SWZ,2019-01-01,4.40,9.07,0.76,51.27,0.60,-0.19,0.72,0.78,0.28
Ethiopia,ETH,2012-01-01,4.56,7.27,0.66,55.20,0.78,-0.04,,0.67,0.14
Ethiopia,ETH,2013-01-01,4.44,7.34,0.60,55.80,0.71,-0.01,0.75,0.64,0.21
Ethiopia,ETH,2014-01-01,4.51,7.41,0.64,56.40,0.69,0.08,0.70,0.74,0.30
Ethiopia,ETH,2015-01-01,4.57,7.48,0.63,57.00,0.80,0.11,0.57,0.71,0.24
Ethiopia,ETH,2016-01-01,4.30,7.55,0.72,57.50,0.74,0.04,0.70,0.73,0.25
Ethiopia,ETH,2017-01-01,4.18,7.61,0.73,58.00,0.72,0.00,0.76,0.61,0.30
Ethiopia,ETH,2018-01-01,4.38,7.65,0.74,58.50,0.74,0.04,0.80,0.66,0.27
Ethiopia,ETH,2019-01-01,4.10,7.71,0.75,59.00,0.75,0.05,0.73,0.63,0.28
Finland,FIN,2010-01-01,7.39,10.73,0.94,70.40,0.92,0.09,0.41,0.83,0.20
Finland,FIN,2011-01-01,7.35,10.75,0.94,70.64,0.94,0.10,0.32,0.77,0.21
Finland,FIN,2012-01-01,7.42,10.74,0.93,70.88,0.92,-0.00,0.36,0.80,0.20
Finland,FIN,2013-01-01,7.44,10.72,0.94,71.12,0.92,0.04,0.31,0.77,0.19
Finland,FIN,2014-01-01,7.38,10.71,0.95,71.36,0.93,-0.00,0.27,0.78,0.20
Finland,FIN,2015-01-01,7.45,10.72,0.95,71.60,0.93,0.11,0.22,0.75,0.19
Finland,FIN,2016-01-01,7.66,10.74,0.95,71.70,0.95,-0.03,0.25,0.80,0.18
Finland,FIN,2017-01-01,7.79,10.77,0.96,71.80,0.96,-0.00,0.19,0.79,0.18
Finland,FIN,2018-01-01,7.86,10.78,0.96,71.90,0.94,-0.13,0.20,0.78,0.18
Finland,FIN,2019-01-01,7.78,10.79,0.94,72.00,0.95,-0.05,0.20,0.76,0.18
France,FRA,2010-01-01,6.80,10.65,0.94,72.20,0.85,-0.10,0.62,0.79,0.26
France,FRA,2011-01-01,6.96,10.67,0.92,72.40,0.90,-0.10,0.63,0.78,0.28
France,FRA,2012-01-01,6.65,10.67,0.94,72.60,0.84,-0.15,0.61,0.75,0.25
France,FRA,2013-01-01,6.67,10.67,0.91,72.80,0.88,-0.12,0.70,0.80,0.20
France,FRA,2014-01-01,6.47,10.67,0.88,73.00,0.80,-0.12,0.66,0.81,0.22
France,FRA,2015-01-01,6.36,10.68,0.90,73.20,0.82,-0.14,0.64,0.79,0.22
France,FRA,2016-01-01,6.48,10.69,0.88,73.40,0.79,-0.09,0.62,0.77,0.27
France,FRA,2017-01-01,6.64,10.71,0.93,73.60,0.83,-0.12,0.60,0.76,0.24
France,FRA,2018-01-01,6.67,10.73,0.92,73.80,0.82,-0.14,0.58,0.77,0.28
France,FRA,2019-01-01,6.69,10.74,0.96,74.00,0.83,-0.13,0.57,0.74,0.25
Gabon,GAB,2011-01-01,4.26,9.61,0.65,55.48,0.77,-0.21,0.85,0.59,0.26
Gabon,GAB,2012-01-01,3.97,9.62,0.74,56.16,0.57,-0.20,0.81,0.47,0.27
Gabon,GAB,2013-01-01,3.80,9.64,0.73,56.84,0.68,-0.15,0.78,0.51,0.29
Gabon,GAB,2014-01-01,3.92,9.64,0.83,57.52,0.61,-0.20,0.78,0.54,0.29
Gabon,GAB,2015-01-01,4.66,9.65,0.76,58.20,0.67,-0.19,0.87,0.63,0.37
Gabon,GAB,2016-01-01,4.83,9.64,0.78,58.70,0.70,-0.20,0.82,0.64,0.43
Gabon,GAB,2017-01-01,4.78,9.62,0.81,59.20,0.65,-0.23,0.87,0.63,0.45
Gabon,GAB,2018-01-01,4.78,9.60,0.78,59.70,0.72,-0.20,0.82,0.64,0.42
Gabon,GAB,2019-01-01,4.91,9.61,0.76,60.20,0.74,-0.20,0.85,0.69,0.41
"Gambia, The",GMB,2017-01-01,4.12,7.64,0.70,54.70,0.81,0.11,0.57,0.84,0.28
"Gambia, The",GMB,2018-01-01,4.92,7.67,0.68,55.00,0.72,0.44,0.69,0.80,0.38
"Gambia, The",GMB,2019-01-01,5.16,7.70,0.69,55.30,0.68,0.41,0.80,0.77,0.40
Georgia,GEO,2010-01-01,4.10,9.18,0.54,64.80,0.56,-0.25,0.46,0.50,0.24
Georgia,GEO,2011-01-01,4.20,9.26,0.50,64.86,0.63,-0.25,0.35,0.51,0.25
Georgia,GEO,2012-01-01,4.25,9.33,0.53,64.92,0.66,-0.27,0.32,0.56,0.25
Georgia,GEO,2013-01-01,4.35,9.37,0.56,64.98,0.72,-0.25,0.35,0.60,0.20
Georgia,GEO,2014-01-01,4.29,9.41,0.56,65.04,0.72,-0.23,0.42,0.57,0.20
Georgia,GEO,2015-01-01,4.12,9.44,0.52,65.10,0.64,-0.20,0.50,0.55,0.23
Georgia,GEO,2016-01-01,4.45,9.47,0.53,64.90,0.61,-0.25,0.56,0.56,0.22
Georgia,GEO,2017-01-01,4.45,9.52,0.59,64.70,0.82,-0.24,0.59,0.58,0.21
Georgia,GEO,2018-01-01,4.66,9.57,0.62,64.50,0.78,-0.23,0.75,0.57,0.24
Georgia,GEO,2019-01-01,4.89,9.62,0.67,64.30,0.81,-0.26,0.65,0.60,0.24
Germany,DEU,2010-01-01,6.72,10.76,0.94,70.90,0.84,0.10,0.69,0.79,0.18
Germany,DEU,2011-01-01,6.62,10.81,0.95,70.98,0.91,0.03,0.68,0.79,0.17
Germany,DEU,2012-01-01,6.70,10.82,0.93,71.06,0.90,0.07,0.68,0.80,0.17
Germany,DEU,2013-01-01,6.97,10.82,0.93,71.14,0.89,0.02,0.57,0.74,0.20
Germany,DEU,2014-01-01,6.98,10.84,0.94,71.22,0.90,0.09,0.47,0.79,0.19
Germany,DEU,2015-01-01,7.04,10.84,0.93,71.30,0.89,0.18,0.41,0.76,0.20
Germany,DEU,2016-01-01,6.87,10.86,0.91,71.60,0.87,0.15,0.45,0.74,0.19
Germany,DEU,2017-01-01,7.07,10.88,0.89,71.90,0.84,0.15,0.41,0.74,0.20
Germany,DEU,2018-01-01,7.12,10.89,0.92,72.20,0.88,0.03,0.50,0.78,0.24
Germany,DEU,2019-01-01,7.04,10.89,0.89,72.50,0.88,0.06,0.46,0.75,0.23
Ghana,GHA,2010-01-01,4.61,8.22,0.74,54.10,0.89,0.07,0.87,0.78,0.18
Ghana,GHA,2011-01-01,5.61,8.33,0.72,54.48,0.85,0.01,0.79,0.74,0.21
Ghana,GHA,2012-01-01,5.06,8.40,0.69,54.86,0.68,0.04,0.90,0.76,0.15
Ghana,GHA,2013-01-01,4.97,8.44,0.68,55.24,0.79,-0.07,0.88,0.69,0.21
Ghana,GHA,2014-01-01,3.86,8.45,0.65,55.62,0.68,0.00,0.91,0.70,0.28
Ghana,GHA,2015-01-01,3.99,8.45,0.69,56.00,0.85,-0.04,0.95,0.69,0.27
Ghana,GHA,2016-01-01,4.51,8.46,0.65,56.40,0.75,0.09,0.89,0.67,0.30
Ghana,GHA,2017-01-01,5.48,8.52,0.67,56.80,0.78,0.08,0.84,0.70,0.25
Ghana,GHA,2018-01-01,5.00,8.56,0.76,57.20,0.82,0.06,0.85,0.75,0.25
Ghana,GHA,2019-01-01,4.97,8.60,0.75,57.60,0.79,0.12,0.86,0.68,0.27
Greece,GRC,2010-01-01,5.84,10.43,0.87,71.50,0.48,-0.30,0.95,0.63,0.29
Greece,GRC,2011-01-01,5.37,10.34,0.85,71.56,0.53,-0.32,0.94,0.59,0.32
Greece,GRC,2012-01-01,5.10,10.27,0.81,71.62,0.37,-0.30,0.96,0.58,0.35
Greece,GRC,2013-01-01,4.72,10.24,0.69,71.68,0.43,-0.27,0.94,0.69,0.48
Greece,GRC,2014-01-01,4.76,10.26,0.83,71.74,0.37,-0.29,0.93,0.69,0.39
Greece,GRC,2015-01-01,5.62,10.26,0.83,71.80,0.53,-0.27,0.82,0.74,0.28
Greece,GRC,2016-01-01,5.30,10.26,0.80,72.00,0.48,-0.26,0.90,0.70,0.34
Greece,GRC,2017-01-01,5.15,10.28,0.75,72.20,0.44,-0.29,0.87,0.60,0.33
Greece,GRC,2018-01-01,5.41,10.30,0.79,72.40,0.56,-0.34,0.86,0.67,0.26
Greece,GRC,2019-01-01,5.95,10.32,0.89,72.60,0.61,-0.29,0.85,0.67,0.24
Guatemala,GTM,2010-01-01,6.29,8.90,0.86,62.10,0.70,0.17,0.79,0.85,0.24
Guatemala,GTM,2011-01-01,5.74,8.92,0.77,62.46,0.76,0.01,0.86,0.84,0.29
Guatemala,GTM,2012-01-01,5.86,8.93,0.80,62.82,0.87,0.02,0.82,0.86,0.35
Guatemala,GTM,2013-01-01,5.98,8.95,0.83,63.18,0.88,0.04,0.82,0.87,0.33
Guatemala,GTM,2014-01-01,6.54,8.98,0.83,63.54,0.84,0.11,0.80,0.84,0.31
Guatemala,GTM,2015-01-01,6.46,9.00,0.82,63.90,0.87,0.05,0.82,0.85,0.31
Guatemala,GTM,2016-01-01,6.36,9.01,0.81,64.20,0.86,0.01,0.81,0.85,0.32
Guatemala,GTM,2017-01-01,6.33,9.03,0.83,64.50,0.91,-0.06,0.80,0.85,0.31
Guatemala,GTM,2018-01-01,6.63,9.04,0.84,64.80,0.91,-0.01,0.77,0.87,0.26
Guatemala,GTM,2019-01-01,6.26,9.06,0.77,65.10,0.90,-0.06,0.77,0.86,0.31
Guinea,GIN,2011-01-01,4.04,7.57,0.60,50.22,0.80,0.04,0.74,0.70,0.26
Guinea,GIN,2012-01-01,3.65,7.60,0.54,50.44,0.65,0.00,0.79,0.68,0.28
Guinea,GIN,2013-01-01,3.90,7.62,0.57,50.66,0.69,0.09,0.82,0.60,0.35
Guinea,GIN,2014-01-01,3.41,7.63,0.64,50.88,0.68,0.01,0.71,0.63,0.35
Guinea,GIN,2015-01-01,3.50,7.64,0.58,51.10,0.67,0.01,0.76,0.67,0.27
Guinea,GIN,2016-01-01,3.60,7.72,0.68,52.20,0.73,-0.06,0.80,0.69,0.37
Guinea,GIN,2017-01-01,4.87,7.79,0.63,53.30,0.74,0.04,0.75,0.70,0.42
Guinea,GIN,2018-01-01,5.25,7.82,0.63,54.40,0.73,0.09,0.78,0.74,0.44
Guinea,GIN,2019-01-01,4.77,7.85,0.66,55.50,0.69,0.10,0.76,0.68,0.47
Haiti,HTI,2010-01-01,3.77,7.38,0.55,32.30,0.37,0.22,0.85,0.55,0.29
Haiti,HTI,2011-01-01,4.84,7.42,0.57,36.86,0.41,0.24,0.68,0.63,0.24
Haiti,HTI,2012-01-01,4.41,7.44,0.75,41.42,0.48,0.29,0.72,0.59,0.28
Haiti,HTI,2013-01-01,4.62,7.46,0.65,45.98,0.61,0.29,0.67,0.54,0.33
Haiti,HTI,2014-01-01,3.89,7.48,0.55,50.54,0.51,0.28,0.71,0.59,0.33
Haiti,HTI,2015-01-01,3.57,7.48,0.56,55.10,0.40,0.31,0.78,0.62,0.33
Haiti,HTI,2016-01-01,3.35,7.48,0.58,55.30,0.30,0.29,0.84,0.55,0.37
Haiti,HTI,2017-01-01,3.82,7.48,0.65,55.50,0.48,0.38,0.65,0.57,0.32
Haiti,HTI,2018-01-01,3.61,7.48,0.54,55.70,0.59,0.42,0.72,0.58,0.36
Honduras,HND,2010-01-01,5.87,8.49,0.80,65.50,0.65,0.11,0.82,0.80,0.26
Honduras,HND,2011-01-01,4.96,8.51,0.77,65.72,0.78,0.10,0.88,0.82,0.31
Honduras,HND,2012-01-01,4.60,8.53,0.78,65.94,0.70,-0.00,0.87,0.85,0.29
Honduras,HND,2013-01-01,4.71,8.54,0.79,66.16,0.70,-0.03,0.87,0.82,0.28
Honduras,HND,2014-01-01,5.06,8.55,0.79,66.38,0.70,0.02,0.83,0.82,0.30
Honduras,HND,2015-01-01,4.85,8.57,0.77,66.60,0.53,-0.10,0.85,0.86,0.31
Honduras,HND,2016-01-01,5.65,8.59,0.77,66.80,0.85,0.08,0.79,0.83,0.30
Honduras,HND,2017-01-01,6.02,8.62,0.84,67.00,0.90,0.07,0.78,0.84,0.25
Honduras,HND,2018-01-01,5.91,8.64,0.83,67.20,0.87,0.10,0.80,0.87,0.29
Honduras,HND,2019-01-01,5.93,8.65,0.80,67.40,0.85,0.06,0.81,0.85,0.28
"Hong Kong SAR, China",HKG,2010-01-01,5.64,10.85,0.86,,0.89,0.33,0.26,0.71,0.18
"Hong Kong SAR, China",HKG,2011-01-01,5.47,10.89,0.85,,0.89,0.23,0.24,0.73,0.20
"Hong Kong SAR, China",HKG,2012-01-01,5.48,10.89,0.83,,0.88,0.22,0.38,0.72,0.18
"Hong Kong SAR, China",HKG,2014-01-01,5.46,10.94,0.83,,0.84,0.22,0.42,0.68,0.24
"Hong Kong SAR, China",HKG,2016-01-01,5.50,10.97,0.83,,0.80,0.10,0.40,0.66,0.21
"Hong Kong SAR, China",HKG,2017-01-01,5.36,11.00,0.83,,0.83,0.14,0.42,0.64,0.20
"Hong Kong SAR, China",HKG,2019-01-01,5.66,11.00,0.86,,0.73,0.07,0.43,0.60,0.36
Hungary,HUN,2010-01-01,4.73,10.11,0.90,65.60,0.51,-0.15,0.98,0.66,0.23
Hungary,HUN,2011-01-01,4.92,10.13,0.89,65.76,0.63,-0.09,0.94,0.64,0.30
Hungary,HUN,2012-01-01,4.68,10.12,0.91,65.92,0.57,-0.14,0.93,0.65,0.32
Hungary,HUN,2013-01-01,4.91,10.14,0.88,66.08,0.67,-0.11,0.91,0.71,0.31
Hungary,HUN,2014-01-01,5.18,10.18,0.84,66.24,0.49,-0.15,0.86,0.65,0.24
Hungary,HUN,2015-01-01,5.34,10.22,0.86,66.40,0.56,-0.20,0.91,0.71,0.24
Hungary,HUN,2016-01-01,5.45,10.25,0.90,66.80,0.55,-0.19,0.92,0.67,0.24
Hungary,HUN,2017-01-01,6.07,10.29,0.88,67.20,0.66,-0.14,0.89,0.74,0.18
Hungary,HUN,2018-01-01,5.94,10.34,0.94,67.60,0.69,-0.24,0.91,0.68,0.20
Hungary,HUN,2019-01-01,6.00,10.39,0.95,68.00,0.80,-0.19,0.88,0.74,0.18
Iceland,ISL,2012-01-01,7.59,10.78,0.98,72.76,0.90,0.24,0.76,0.90,0.16
Iceland,ISL,2013-01-01,7.50,10.81,0.97,72.84,0.92,0.31,0.71,0.87,0.16
Iceland,ISL,2015-01-01,7.50,10.85,0.98,73.00,0.94,0.30,0.64,0.85,0.18
Iceland,ISL,2016-01-01,7.51,10.90,0.98,73.00,0.95,0.28,0.72,0.87,0.16
Iceland,ISL,2017-01-01,7.48,10.93,0.97,73.00,0.94,0.25,0.73,0.90,0.15
Iceland,ISL,2019-01-01,7.53,10.93,0.98,73.00,0.96,,0.70,0.84,0.18
India,IND,2010-01-01,4.99,8.35,0.60,57.40,0.78,0.06,0.86,0.70,0.27
India,IND,2011-01-01,4.63,8.39,0.55,57.70,0.84,-0.04,0.91,0.65,0.23
India,IND,2012-01-01,4.72,8.43,0.51,58.00,0.61,0.07,0.83,0.63,0.29
India,IND,2013-01-01,4.43,8.48,0.55,58.30,0.74,0.08,0.83,0.68,0.33
India,IND,2014-01-01,4.42,8.54,0.62,58.60,0.81,-0.03,0.83,0.71,0.28
India,IND,2015-01-01,4.34,8.60,0.61,58.90,0.78,-0.01,0.78,0.70,0.32
India,IND,2016-01-01,4.18,8.67,0.61,59.30,0.82,0.05,0.76,0.69,0.35
India,IND,2017-01-01,4.05,8.73,0.61,59.70,0.89,-0.04,0.78,0.68,0.32
India,IND,2018-01-01,3.82,8.78,0.64,60.10,0.89,0.08,0.81,0.66,0.36
India,IND,2019-01-01,3.25,8.82,0.56,60.50,0.88,0.11,0.75,0.65,0.47
Indonesia,IDN,2010-01-01,5.46,9.02,0.82,60.40,0.70,0.45,0.95,0.84,0.22
Indonesia,IDN,2011-01-01,5.17,9.07,0.82,60.62,0.88,0.44,0.96,0.86,0.27
Indonesia,IDN,2012-01-01,5.37,9.11,0.83,60.84,0.77,0.35,0.96,0.90,0.23
Indonesia,IDN,2013-01-01,5.29,9.15,0.79,61.06,0.78,0.38,0.97,0.89,0.25
Indonesia,IDN,2014-01-01,5.60,9.19,0.90,61.28,0.72,0.41,0.97,0.85,0.24
Indonesia,IDN,2015-01-01,5.04,9.23,0.81,61.50,0.78,0.47,0.95,0.88,0.27
Indonesia,IDN,2016-01-01,5.14,9.26,0.79,61.70,0.83,0.50,0.89,0.83,0.34
Indonesia,IDN,2017-01-01,5.10,9.30,0.80,61.90,0.87,0.49,0.90,0.86,0.32
Indonesia,IDN,2018-01-01,5.34,9.34,0.81,62.10,0.88,0.51,0.87,0.86,0.30
Indonesia,IDN,2019-01-01,5.35,9.38,0.80,62.30,0.87,0.56,0.86,0.88,0.30
"Iran, Islamic Rep.",IRN,2011-01-01,4.77,9.55,0.58,64.14,0.80,0.20,0.66,0.58,0.36
"Iran, Islamic Rep.",IRN,2012-01-01,4.61,9.46,0.60,64.38,0.76,,0.68,0.61,0.52
"Iran, Islamic Rep.",IRN,2013-01-01,5.14,9.44,0.66,64.62,0.73,0.22,0.69,0.66,0.55
"Iran, Islamic Rep.",IRN,2014-01-01,4.68,9.48,0.64,64.86,0.77,0.24,0.64,0.62,0.51
"Iran, Islamic Rep.",IRN,2015-01-01,4.75,9.45,0.57,65.10,0.78,0.18,0.70,0.64,0.52
"Iran, Islamic Rep.",IRN,2016-01-01,4.65,9.56,0.57,65.40,0.77,0.19,0.71,0.69,0.53
"Iran, Islamic Rep.",IRN,2017-01-01,4.72,9.58,0.71,65.70,0.73,0.22,0.71,0.69,0.44
"Iran, Islamic Rep.",IRN,2018-01-01,4.28,,0.67,66.00,0.60,,0.70,0.55,0.49
"Iran, Islamic Rep.",IRN,2019-01-01,5.01,,0.70,66.30,0.62,,0.73,0.60,0.45
Iraq,IRQ,2010-01-01,5.07,9.11,0.85,59.60,0.42,-0.12,0.86,0.54,0.43
Iraq,IRQ,2011-01-01,4.73,9.15,0.75,59.36,0.35,-0.07,0.78,0.49,0.56
Iraq,IRQ,2012-01-01,4.66,9.25,0.73,59.12,0.31,-0.02,0.79,0.42,0.45
Iraq,IRQ,2013-01-01,4.73,9.28,0.73,58.88,,-0.05,0.71,,0.55
Iraq,IRQ,2014-01-01,4.54,9.25,0.73,58.64,0.65,-0.00,0.73,0.57,0.56
Iraq,IRQ,2015-01-01,4.49,9.24,0.68,58.40,0.60,0.02,0.76,0.49,0.58
Iraq,IRQ,2016-01-01,4.41,9.35,0.72,59.00,0.67,-0.05,0.80,0.49,0.57
Iraq,IRQ,2017-01-01,4.46,9.30,0.70,59.60,0.63,-0.00,0.76,0.51,0.59
Iraq,IRQ,2018-01-01,4.89,9.27,0.76,60.20,0.60,-0.07,0.89,0.61,0.48
Ireland,IRL,2010-01-01,7.26,10.88,0.97,71.50,0.86,0.35,0.62,0.88,0.20
Ireland,IRL,2011-01-01,7.01,10.88,0.98,71.60,0.95,0.38,0.59,0.87,0.19
Ireland,IRL,2012-01-01,6.96,10.88,0.96,71.70,0.90,0.30,0.57,0.84,0.24
Ireland,IRL,2013-01-01,6.76,10.88,0.96,71.80,0.88,0.33,0.56,0.81,0.25
Ireland,IRL,2014-01-01,7.02,10.96,0.97,71.90,0.92,0.26,0.41,0.78,0.23
Ireland,IRL,2015-01-01,6.83,11.17,0.95,72.00,0.89,0.23,0.41,0.80,0.23
Ireland,IRL,2016-01-01,7.04,11.20,0.96,72.10,0.87,0.17,0.40,0.81,0.21
Ireland,IRL,2017-01-01,7.06,11.27,0.94,72.20,0.91,0.22,0.34,0.83,0.21
Ireland,IRL,2018-01-01,6.96,11.33,0.94,72.30,0.86,0.14,0.36,0.81,0.21
Ireland,IRL,2019-01-01,7.25,11.37,0.94,72.40,0.89,0.07,0.37,0.81,0.22
Israel,ISR,2010-01-01,7.36,10.46,0.88,72.40,0.56,0.15,0.90,0.68,0.36
Israel,ISR,2011-01-01,7.43,10.49,0.89,72.46,0.72,0.14,0.89,0.74,0.38
Israel,ISR,2012-01-01,7.11,10.49,0.90,72.52,0.68,0.15,0.86,0.67,0.32
Israel,ISR,2013-01-01,7.32,10.52,0.91,72.58,0.74,0.15,0.85,0.70,0.41
Israel,ISR,2014-01-01,7.40,10.53,0.89,72.64,0.71,0.09,0.82,0.60,0.27
Israel,ISR,2015-01-01,7.08,10.54,0.86,72.70,0.75,0.11,0.79,0.70,0.26
Israel,ISR,2016-01-01,7.16,10.56,0.89,72.90,0.77,0.15,0.80,0.63,0.26
Israel,ISR,2017-01-01,7.33,10.57,0.92,73.10,0.77,0.15,0.79,0.67,0.28
Israel,ISR,2018-01-01,6.93,10.59,0.91,73.30,0.72,0.06,0.77,0.66,0.28
Israel,ISR,2019-01-01,7.33,10.60,0.95,73.50,0.83,0.09,0.74,0.63,0.27
Italy,ITA,2010-01-01,6.35,10.67,0.87,72.80,0.74,-0.06,0.92,0.60,0.24
Italy,ITA,2011-01-01,6.06,10.67,0.91,72.84,0.57,-0.02,0.93,0.66,0.27
Italy,ITA,2012-01-01,5.84,10.64,0.87,72.88,0.57,0.11,0.91,0.67,0.39
Italy,ITA,2013-01-01,6.01,10.61,0.92,72.92,0.50,-0.10,0.94,0.78,0.36
Italy,ITA,2014-01-01,6.03,10.60,0.90,72.96,0.62,-0.06,0.92,0.72,0.36
Italy,ITA,2015-01-01,5.85,10.61,0.91,73.00,0.57,-0.06,0.91,0.69,0.33
Italy,ITA,2016-01-01,5.95,10.62,0.93,73.20,0.62,-0.08,0.90,0.69,0.34
Italy,ITA,2017-01-01,6.20,10.64,0.92,73.40,0.63,-0.04,0.87,0.66,0.32
Italy,ITA,2018-01-01,6.52,10.65,0.91,73.60,0.65,-0.02,0.89,0.65,0.40
Italy,ITA,2019-01-01,6.45,10.66,0.84,73.80,0.71,-0.08,0.87,0.63,0.33
Jamaica,JAM,2011-01-01,5.37,9.16,0.85,66.22,0.80,-0.06,0.91,0.84,0.24
Jamaica,JAM,2013-01-01,5.71,9.15,0.86,66.46,0.79,-0.02,0.93,0.73,0.31
Jamaica,JAM,2014-01-01,5.31,9.15,0.87,66.58,0.81,-0.00,0.86,0.74,0.31
Jamaica,JAM,2017-01-01,5.89,9.17,0.91,67.10,0.86,-0.13,0.88,0.77,0.24
Jamaica,JAM,2019-01-01,6.31,9.19,0.88,67.50,0.89,-0.14,0.89,0.75,0.20
Japan,JPN,2010-01-01,6.06,10.53,0.90,73.80,0.77,-0.14,0.77,0.83,0.19
Japan,JPN,2011-01-01,6.26,10.53,0.92,73.98,0.81,-0.05,0.73,0.78,0.18
Japan,JPN,2012-01-01,5.97,10.55,0.91,74.16,0.75,,0.69,0.78,0.17
Japan,JPN,2013-01-01,5.96,10.57,0.92,74.34,0.82,-0.15,0.65,0.79,0.17
Japan,JPN,2014-01-01,5.92,10.58,0.90,74.52,0.84,-0.14,0.62,0.74,0.19
Japan,JPN,2015-01-01,5.88,10.59,0.92,74.70,0.83,-0.16,0.65,0.77,0.18
Japan,JPN,2016-01-01,5.95,10.59,0.90,74.80,0.84,-0.06,0.70,0.76,0.19
Japan,JPN,2017-01-01,5.91,10.62,0.88,74.90,0.85,-0.21,0.66,0.74,0.18
Japan,JPN,2018-01-01,5.79,10.62,0.89,75.00,0.77,-0.26,0.69,0.70,0.19
Japan,JPN,2019-01-01,5.91,10.63,0.88,75.10,0.81,-0.25,0.62,0.74,0.19
Jordan,JOR,2010-01-01,5.57,9.32,0.92,64.70,0.79,-0.05,,0.64,0.34
Jordan,JOR,2011-01-01,5.54,9.29,0.88,65.00,0.76,-0.14,,0.61,0.26
Jordan,JOR,2012-01-01,5.13,9.26,0.83,65.30,0.69,-0.16,,0.56,0.35
Jordan,JOR,2013-01-01,5.17,9.24,0.84,65.60,0.69,-0.12,,0.68,0.29
Jordan,JOR,2014-01-01,5.33,9.22,0.82,65.90,0.73,-0.10,,0.66,0.31
Jordan,JOR,2015-01-01,5.40,9.21,0.83,66.20,0.77,-0.05,,0.69,0.31
Jordan,JOR,2016-01-01,5.27,9.20,0.82,66.40,0.77,-0.04,,0.64,0.31
Jordan,JOR,2017-01-01,4.81,9.19,0.81,66.60,0.77,-0.15,,0.63,0.39
Jordan,JOR,2018-01-01,4.64,9.20,0.80,66.80,0.76,-0.19,,,
Jordan,JOR,2019-01-01,4.45,9.20,0.79,67.00,0.73,-0.16,,,
Kazakhstan,KAZ,2010-01-01,5.51,9.94,0.90,60.20,0.78,-0.22,0.82,0.69,0.15
Kazakhstan,KAZ,2011-01-01,5.74,10.00,0.90,60.72,0.88,-0.24,0.80,0.70,0.15
Kazakhstan,KAZ,2012-01-01,5.76,10.03,0.89,61.24,0.84,-0.17,0.88,0.74,0.18
Kazakhstan,KAZ,2013-01-01,5.84,10.07,0.89,61.76,0.78,-0.23,0.82,0.67,0.16
Kazakhstan,KAZ,2014-01-01,5.97,10.10,0.80,62.28,0.80,0.00,0.81,0.72,0.17
Kazakhstan,KAZ,2015-01-01,5.95,10.10,0.93,62.80,0.74,-0.04,0.71,0.73,0.17
Kazakhstan,KAZ,2016-01-01,5.53,10.09,0.93,63.40,0.78,-0.04,0.70,0.70,0.16
Kazakhstan,KAZ,2017-01-01,5.88,10.12,0.91,64.00,0.75,-0.03,0.76,0.76,0.17
Kazakhstan,KAZ,2018-01-01,6.01,10.15,0.94,64.60,0.84,-0.10,0.82,0.69,0.16
Kazakhstan,KAZ,2019-01-01,6.27,10.18,0.95,65.20,0.85,-0.06,0.71,0.79,0.14
Kenya,KEN,2010-01-01,4.26,8.11,0.81,55.50,0.64,0.02,0.92,0.82,0.12
Kenya,KEN,2011-01-01,4.41,8.14,0.85,56.06,0.71,0.02,0.92,0.76,0.23
Kenya,KEN,2012-01-01,4.55,8.16,0.83,56.62,0.63,0.07,0.91,0.71,0.19
Kenya,KEN,2013-01-01,3.80,8.19,0.82,57.18,0.71,0.21,0.86,0.77,0.16
Kenya,KEN,2014-01-01,4.90,8.22,0.77,57.74,0.82,0.17,0.85,0.81,0.22
Kenya,KEN,2015-01-01,4.36,8.25,0.78,58.30,0.79,0.22,0.85,0.70,0.17
Kenya,KEN,2016-01-01,4.40,8.28,0.71,58.90,0.75,0.30,0.83,0.74,0.23
Kenya,KEN,2017-01-01,4.48,8.31,0.71,59.50,0.85,0.23,0.85,0.79,0.23
Kenya,KEN,2018-01-01,4.66,8.34,0.71,60.10,0.82,0.29,0.84,0.76,0.24
Kenya,KEN,2019-01-01,4.62,8.37,0.68,60.70,0.82,0.31,0.79,0.75,0.25
"Korea, Rep.",KOR,2010-01-01,6.12,10.45,0.82,71.40,0.68,-0.03,0.75,0.66,0.13
"Korea, Rep.",KOR,2011-01-01,6.95,10.48,0.81,71.66,0.68,-0.05,0.83,0.66,0.17
"Korea, Rep.",KOR,2012-01-01,6.00,10.49,0.78,71.92,0.62,,0.84,0.66,0.21
"Korea, Rep.",KOR,2013-01-01,5.96,10.52,0.80,72.18,0.64,-0.05,0.83,0.68,0.19
"Korea, Rep.",KOR,2014-01-01,5.80,10.55,0.74,72.44,0.62,-0.04,0.83,0.65,0.28
"Korea, Rep.",KOR,2015-01-01,5.78,10.57,0.77,72.70,0.62,-0.04,0.84,0.65,0.24
"Korea, Rep.",KOR,2016-01-01,5.97,10.59,0.81,73.00,0.59,0.03,0.86,0.68,0.23
"Korea, Rep.",KOR,2017-01-01,5.87,10.62,0.81,73.30,0.54,0.01,0.85,0.62,0.23
"Korea, Rep.",KOR,2018-01-01,5.84,10.64,0.80,73.60,0.60,-0.09,0.80,0.66,0.22
"Korea, Rep.",KOR,2019-01-01,5.90,10.66,0.78,73.90,0.71,-0.06,0.72,0.68,0.24
Kosovo,XKX,2010-01-01,5.18,9.03,0.71,,0.45,0.17,0.97,0.70,0.12
Kosovo,XKX,2011-01-01,4.86,9.07,0.76,,0.59,0.00,0.92,0.70,0.12
Kosovo,XKX,2012-01-01,5.64,9.09,0.76,,0.64,0.03,0.95,0.60,0.10
Kosovo,XKX,2013-01-01,6.13,9.11,0.72,,0.57,0.11,0.94,0.69,0.20
Kosovo,XKX,2014-01-01,5.00,9.13,0.71,,0.44,0.01,0.78,0.64,0.21
Kosovo,XKX,2015-01-01,5.08,9.18,0.81,,0.56,0.18,0.85,0.75,0.18
Kosovo,XKX,2016-01-01,5.76,9.23,0.82,,0.83,0.12,0.94,0.70,0.15
Kosovo,XKX,2017-01-01,6.15,9.26,0.79,,0.86,0.12,0.93,0.74,0.19
Kosovo,XKX,2018-01-01,6.39,9.30,0.82,,0.89,0.27,0.92,0.78,0.17
Kosovo,XKX,2019-01-01,6.43,9.34,0.84,,0.84,0.25,0.92,0.75,0.14
Kuwait,KWT,2010-01-01,6.80,10.98,0.89,64.60,0.70,-0.03,0.49,0.72,0.20
Kuwait,KWT,2011-01-01,6.38,11.02,0.88,64.90,0.77,,0.56,0.79,0.18
Kuwait,KWT,2012-01-01,6.22,11.03,0.89,65.20,0.93,,,0.82,0.10
Kuwait,KWT,2013-01-01,6.48,10.99,0.86,65.50,0.75,,,0.75,0.28
Kuwait,KWT,2014-01-01,6.18,10.94,,65.80,,,,,
Kuwait,KWT,2015-01-01,6.15,10.91,0.82,66.10,0.82,0.08,,0.72,0.32
Kuwait,KWT,2016-01-01,5.95,10.91,0.85,66.30,0.84,-0.08,,0.69,0.31
Kuwait,KWT,2017-01-01,6.09,10.84,0.85,66.50,0.88,-0.00,,0.69,0.31
Kuwait,KWT,2019-01-01,6.11,10.82,0.84,66.90,0.87,-0.10,,0.70,0.30
Kyrgyz Republic,KGZ,2010-01-01,5.00,8.33,0.89,61.10,0.72,-0.07,0.93,0.65,0.12
Kyrgyz Republic,KGZ,2011-01-01,4.92,8.37,0.89,61.52,0.75,-0.15,0.93,0.68,0.15
Kyrgyz Republic,KGZ,2012-01-01,5.21,8.36,0.86,61.94,0.70,-0.08,0.89,0.69,0.18
Kyrgyz Republic,KGZ,2013-01-01,5.40,8.44,0.85,62.36,0.76,-0.09,0.90,0.72,0.13
Kyrgyz Republic,KGZ,2014-01-01,5.25,8.46,0.90,62.78,0.74,0.36,0.90,0.73,0.19
Kyrgyz Republic,KGZ,2015-01-01,4.91,8.48,0.86,63.20,0.81,0.20,0.86,0.77,0.17
Kyrgyz Republic,KGZ,2016-01-01,4.86,8.50,0.91,63.50,0.81,0.06,0.92,0.78,0.13
Kyrgyz Republic,KGZ,2017-01-01,5.63,8.53,0.88,63.80,0.86,0.14,0.87,0.76,0.16
Kyrgyz Republic,KGZ,2018-01-01,5.30,8.54,0.90,64.10,0.94,0.27,0.91,0.76,0.20
Kyrgyz Republic,KGZ,2019-01-01,5.69,8.57,0.88,64.40,0.92,-0.00,0.88,0.77,0.21
Lao PDR,LAO,2011-01-01,4.70,8.55,0.69,56.30,0.88,0.46,0.59,0.90,0.23
Lao PDR,LAO,2012-01-01,4.88,8.61,0.69,56.60,,0.23,,0.92,0.39
Lao PDR,LAO,2017-01-01,4.62,8.89,0.71,58.30,0.89,0.07,0.59,0.87,0.34
Lao PDR,LAO,2018-01-01,4.86,8.93,0.70,58.70,0.91,0.14,0.63,0.85,0.33
Lao PDR,LAO,2019-01-01,5.20,8.97,0.73,59.10,0.91,0.06,0.62,0.88,0.31
Latvia,LVA,2011-01-01,4.97,10.03,0.84,64.86,0.56,-0.00,0.93,0.56,0.22
Latvia,LVA,2012-01-01,5.13,10.08,0.85,65.12,0.56,-0.04,0.89,0.56,0.23
Latvia,LVA,2013-01-01,5.07,10.12,0.83,65.38,0.63,-0.07,0.84,0.64,0.23
Latvia,LVA,2014-01-01,5.73,10.14,0.88,65.64,0.67,-0.04,0.80,0.65,0.23
Latvia,LVA,2015-01-01,5.88,10.18,0.88,65.90,0.66,-0.08,0.81,0.61,0.23
Latvia,LVA,2016-01-01,5.94,10.21,0.92,66.20,0.69,-0.16,0.87,0.65,0.23
Latvia,LVA,2017-01-01,5.98,10.26,0.90,66.50,0.70,-0.15,0.80,0.62,0.23
Latvia,LVA,2018-01-01,5.90,10.31,0.91,66.80,0.61,-0.21,0.80,0.59,0.19
Latvia,LVA,2019-01-01,5.97,10.34,0.94,67.10,0.70,-0.19,0.79,0.58,0.21
Lebanon,LBN,2010-01-01,5.03,9.88,0.72,65.20,0.68,0.07,0.95,0.53,0.34
Lebanon,LBN,2011-01-01,5.19,9.84,0.73,65.28,0.66,0.01,0.91,0.58,0.32
Lebanon,LBN,2012-01-01,4.57,9.80,0.71,65.36,0.62,-0.01,0.86,0.50,0.34
Lebanon,LBN,2013-01-01,4.98,9.77,0.71,65.44,0.65,-0.00,0.92,0.50,0.41
Lebanon,LBN,2014-01-01,5.23,9.74,0.76,65.52,0.66,-0.01,0.94,0.56,0.27
Lebanon,LBN,2015-01-01,5.17,9.70,0.74,65.60,0.60,0.07,0.89,0.57,0.24
Lebanon,LBN,2016-01-01,5.27,9.69,0.83,66.10,0.66,0.03,0.85,0.55,0.26
Lebanon,LBN,2017-01-01,5.15,9.68,0.78,66.60,0.60,-0.07,0.91,0.52,0.24
Lebanon,LBN,2018-01-01,5.17,9.66,0.83,67.10,0.61,-0.07,0.91,0.46,0.27
Lebanon,LBN,2019-01-01,4.02,9.60,0.87,67.60,0.45,-0.08,0.89,0.32,0.49
Lesotho,LSO,2011-01-01,4.90,7.78,0.82,45.74,0.62,-0.09,0.77,0.79,0.17
Lesotho,LSO,2016-01-01,3.81,7.95,0.80,46.60,0.73,-0.10,0.74,0.73,0.27
Lesotho,LSO,2017-01-01,3.80,7.93,0.77,47.30,0.76,-0.14,0.80,0.75,0.26
Lesotho,LSO,2019-01-01,3.51,7.93,0.79,48.70,0.72,-0.13,0.91,0.73,0.27
Liberia,LBR,2010-01-01,4.20,7.26,0.83,51.60,0.82,-0.04,0.82,0.60,0.22
Liberia,LBR,2014-01-01,4.57,7.39,0.71,53.28,0.59,-0.03,0.87,0.54,0.44
Liberia,LBR,2015-01-01,2.70,7.37,0.64,53.70,0.67,-0.06,0.90,0.51,0.39
Liberia,LBR,2016-01-01,3.35,7.32,0.64,54.50,0.76,0.03,0.90,0.64,0.51
Liberia,LBR,2017-01-01,4.42,7.32,0.68,55.30,0.73,-0.01,0.87,0.67,0.39
Liberia,LBR,2018-01-01,4.13,7.31,0.73,56.10,0.77,0.05,0.87,0.66,0.44
Liberia,LBR,2019-01-01,5.12,7.26,0.71,56.90,0.71,0.05,0.83,0.64,0.39
Libya,LBY,2012-01-01,5.75,9.84,0.85,62.66,0.71,-0.03,0.79,0.69,0.32
Libya,LBY,2015-01-01,5.62,9.31,0.87,62.30,0.77,-0.04,,0.70,0.37
Libya,LBY,2016-01-01,5.43,9.27,0.88,62.30,0.82,-0.09,,0.72,0.38
Libya,LBY,2017-01-01,5.65,9.49,0.82,62.30,0.78,-0.02,0.67,0.70,0.38
Libya,LBY,2018-01-01,5.49,9.62,0.82,62.30,0.78,-0.10,0.65,0.71,0.40
Libya,LBY,2019-01-01,5.33,9.63,0.83,62.30,0.76,-0.07,0.69,0.71,0.40
Lithuania,LTU,2010-01-01,5.07,10.09,0.88,64.50,0.52,-0.27,0.96,0.47,0.27
Lithuania,LTU,2011-01-01,5.43,10.17,0.91,64.70,0.57,-0.15,0.96,0.57,0.27
Lithuania,LTU,2012-01-01,5.77,10.22,0.92,64.90,0.50,-0.27,0.96,0.58,0.28
Lithuania,LTU,2013-01-01,5.60,10.26,0.91,65.10,0.56,-0.24,0.94,0.58,0.29
Lithuania,LTU,2014-01-01,6.13,10.31,0.91,65.30,0.51,-0.26,0.96,0.62,0.29
Lithuania,LTU,2015-01-01,5.71,10.34,0.93,65.50,0.64,-0.25,0.92,0.59,0.28
Lithuania,LTU,2016-01-01,5.87,10.37,0.94,66.10,0.61,-0.27,0.95,0.59,0.25
Lithuania,LTU,2017-01-01,6.27,10.43,0.93,66.70,0.75,-0.17,0.79,0.61,0.20
Lithuania,LTU,2018-01-01,6.31,10.47,0.93,67.30,0.70,-0.24,0.85,0.52,0.21
Lithuania,LTU,2019-01-01,6.06,10.52,0.92,67.90,0.78,-0.25,0.78,0.57,0.28
Luxembourg,LUX,2010-01-01,7.10,11.59,0.95,71.70,0.91,0.10,0.42,0.81,0.22
Luxembourg,LUX,2011-01-01,7.10,11.59,0.93,71.88,0.96,0.11,0.39,0.84,0.20
Luxembourg,LUX,2012-01-01,6.96,11.57,0.91,72.06,0.92,0.06,0.40,0.82,0.23
Luxembourg,LUX,2013-01-01,7.13,11.58,0.92,72.24,0.79,-0.05,0.30,0.64,0.18
Luxembourg,LUX,2014-01-01,6.89,11.60,0.88,72.42,0.94,0.11,0.37,0.80,0.17
Luxembourg,LUX,2015-01-01,6.70,11.62,0.93,72.60,0.93,0.05,0.38,0.76,0.19
Luxembourg,LUX,2016-01-01,6.97,11.64,0.94,72.60,0.88,0.02,0.36,0.76,0.19
Luxembourg,LUX,2017-01-01,7.06,11.63,0.91,72.60,0.90,0.04,0.33,0.77,0.18
Luxembourg,LUX,2018-01-01,7.24,11.64,0.90,72.60,0.88,-0.02,0.39,0.75,0.20
Luxembourg,LUX,2019-01-01,7.40,11.65,0.91,72.60,0.93,-0.05,0.39,0.79,0.21
Madagascar,MDG,2011-01-01,4.38,7.34,0.82,56.22,0.55,-0.06,0.90,0.51,0.23
Madagascar,MDG,2012-01-01,3.55,7.34,0.67,56.64,0.49,-0.05,0.85,0.69,0.19
Madagascar,MDG,2013-01-01,3.82,7.33,0.67,57.06,0.48,-0.02,0.87,0.73,0.24
Madagascar,MDG,2014-01-01,3.68,7.34,0.66,57.48,0.53,-0.02,0.79,0.75,0.19
Madagascar,MDG,2015-01-01,3.59,7.34,0.65,57.90,0.54,-0.04,0.86,0.80,0.23
Madagascar,MDG,2016-01-01,3.66,7.36,0.75,58.30,0.57,-0.07,0.86,0.81,0.20
Madagascar,MDG,2017-01-01,4.08,7.37,0.63,58.70,0.57,-0.03,0.85,0.75,0.37
Madagascar,MDG,2018-01-01,4.07,7.39,0.67,59.10,0.55,0.00,0.89,0.75,0.36
Madagascar,MDG,2019-01-01,4.34,7.41,0.70,59.50,0.55,-0.01,0.72,0.72,0.30
Malawi,MWI,2011-01-01,3.95,6.89,0.61,51.42,0.73,0.10,0.85,0.71,0.27
Malawi,MWI,2012-01-01,4.28,6.88,0.60,52.44,0.64,0.17,0.89,0.82,0.20
Malawi,MWI,2013-01-01,4.04,6.91,0.56,53.46,0.75,0.08,0.86,0.81,0.25
Malawi,MWI,2014-01-01,4.56,6.93,0.51,54.48,0.79,0.06,0.82,0.70,0.26
Malawi,MWI,2015-01-01,3.87,6.93,0.49,55.50,0.80,0.06,0.83,0.63,0.26
Malawi,MWI,2016-01-01,3.48,6.93,0.52,56.20,0.81,0.07,0.82,0.60,0.32
Malawi,MWI,2017-01-01,3.42,6.94,0.56,56.90,0.85,0.02,0.73,0.61,0.31
Malawi,MWI,2018-01-01,3.33,6.95,0.53,57.60,0.80,0.07,0.77,0.59,0.36
Malawi,MWI,2019-01-01,3.87,6.97,0.55,58.30,0.76,0.00,0.68,0.54,0.35
Malaysia,MYS,2010-01-01,5.58,9.93,0.84,65.60,0.77,0.03,0.84,0.83,0.19
Malaysia,MYS,2011-01-01,5.79,9.97,0.77,65.76,0.84,-0.02,0.84,0.89,0.15
Malaysia,MYS,2012-01-01,5.91,10.00,0.84,65.92,0.85,0.02,0.85,0.87,0.18
Malaysia,MYS,2013-01-01,5.77,10.04,0.83,66.08,0.79,0.26,0.76,0.74,0.32
Malaysia,MYS,2014-01-01,5.96,10.08,0.86,66.24,0.81,0.24,0.84,0.77,0.26
Malaysia,MYS,2015-01-01,6.32,10.12,0.82,66.40,0.67,0.22,0.84,0.77,0.31
Malaysia,MYS,2018-01-01,5.34,10.22,0.79,67.00,0.87,0.13,0.89,0.82,0.20
Malaysia,MYS,2019-01-01,5.43,10.25,0.84,67.20,0.92,0.12,0.78,0.83,0.18
Maldives,MDV,2018-01-01,5.20,9.83,0.91,70.60,0.85,0.02,,,
Mali,MLI,2010-01-01,3.76,7.64,0.75,48.40,0.75,-0.03,0.81,0.80,0.16
Mali,MLI,2011-01-01,4.67,7.64,0.80,48.76,0.82,-0.10,0.73,0.76,0.13
Mali,MLI,2012-01-01,4.31,7.61,0.82,49.12,0.70,-0.09,0.79,0.68,0.11
Mali,MLI,2013-01-01,3.68,7.60,0.82,49.48,0.66,-0.05,0.75,0.72,0.19
Mali,MLI,2014-01-01,3.97,7.64,0.84,49.84,0.65,-0.04,0.66,0.74,0.19
Mali,MLI,2015-01-01,4.58,7.67,0.83,50.20,0.63,-0.07,0.80,0.71,0.24
Mali,MLI,2016-01-01,4.02,7.70,0.84,50.70,0.70,-0.07,0.86,0.81,0.31
Mali,MLI,2017-01-01,4.74,7.72,0.74,51.20,0.75,-0.07,0.86,0.74,0.39
Mali,MLI,2018-01-01,4.42,7.73,0.69,51.70,0.74,-0.03,0.79,0.77,0.37
Mali,MLI,2019-01-01,4.99,7.75,0.75,52.20,0.67,-0.04,0.85,0.71,0.36
Malta,MLT,2010-01-01,5.77,10.36,0.91,71.60,0.80,0.29,,0.70,0.38
Malta,MLT,2011-01-01,6.15,10.37,0.92,71.72,0.88,0.30,,0.74,0.34
Malta,MLT,2012-01-01,5.96,10.39,0.92,71.84,0.86,0.35,,0.74,0.39
Malta,MLT,2013-01-01,6.38,10.42,0.94,71.96,0.91,0.41,,0.66,0.37
Malta,MLT,2014-01-01,6.45,10.49,0.94,72.08,0.90,0.40,0.67,0.65,0.35
Malta,MLT,2015-01-01,6.61,10.57,0.92,72.20,0.91,0.35,0.66,0.68,0.36
Malta,MLT,2016-01-01,6.59,10.60,0.93,72.20,0.92,0.35,0.70,0.69,0.36
Malta,MLT,2017-01-01,6.68,10.63,0.94,72.20,0.92,0.25,0.69,0.72,0.30
Malta,MLT,2018-01-01,6.91,10.67,0.93,72.20,0.93,0.18,0.60,0.72,0.30
Malta,MLT,2019-01-01,6.73,10.68,0.92,72.20,0.92,0.09,0.69,0.71,0.36
Mauritania,MRT,2010-01-01,4.77,8.47,0.86,54.50,0.67,0.06,0.73,0.78,0.13
Mauritania,MRT,2011-01-01,4.78,8.48,0.75,54.82,0.57,0.05,0.75,0.76,0.17
Mauritania,MRT,2012-01-01,4.67,8.50,0.76,55.14,0.49,-0.02,0.71,0.78,0.16
Mauritania,MRT,2013-01-01,4.20,8.51,0.74,55.46,0.60,-0.08,0.68,0.79,0.20
Mauritania,MRT,2014-01-01,4.48,8.52,0.85,55.78,0.47,-0.05,0.59,0.75,0.16
Mauritania,MRT,2015-01-01,3.92,8.54,0.87,56.10,0.45,0.06,0.72,0.82,0.19
Mauritania,MRT,2016-01-01,4.47,8.53,0.78,56.40,0.47,-0.17,0.84,0.73,0.22
Mauritania,MRT,2017-01-01,4.68,8.53,0.78,56.70,0.53,-0.15,0.78,0.64,0.27
Mauritania,MRT,2018-01-01,4.31,8.53,0.80,57.00,0.47,-0.11,0.71,0.66,0.28
Mauritania,MRT,2019-01-01,4.15,8.56,0.80,57.30,0.63,-0.10,0.74,0.69,0.26
Mauritius,MUS,2011-01-01,5.48,9.77,0.80,64.70,0.85,0.19,0.85,0.74,0.25
Mauritius,MUS,2014-01-01,5.65,9.86,0.78,65.30,0.82,0.18,0.88,0.81,0.22
Mauritius,MUS,2016-01-01,5.61,9.94,0.84,65.80,0.82,0.14,0.89,0.78,0.25
Mauritius,MUS,2017-01-01,6.17,9.97,0.91,66.10,0.91,0.09,0.82,0.75,0.17
Mauritius,MUS,2018-01-01,5.88,10.01,0.91,66.40,0.87,-0.07,0.79,0.77,0.16
Mauritius,MUS,2019-01-01,6.24,10.04,0.91,66.70,0.89,-0.05,0.81,0.81,0.15
Mexico,MEX,2010-01-01,6.80,9.79,0.88,66.50,0.78,-0.05,0.69,0.84,0.22
Mexico,MEX,2011-01-01,6.91,9.81,0.82,66.68,0.83,-0.10,0.70,0.79,0.23
Mexico,MEX,2012-01-01,7.32,9.83,0.77,66.86,0.79,-0.09,0.63,0.78,0.28
Mexico,MEX,2013-01-01,7.44,9.83,0.76,67.04,0.74,-0.16,0.61,0.79,0.22
Mexico,MEX,2014-01-01,6.68,9.85,0.78,67.22,0.78,-0.09,0.63,0.80,0.23
Mexico,MEX,2015-01-01,6.24,9.87,0.76,67.40,0.72,-0.15,0.71,0.74,0.24
Mexico,MEX,2016-01-01,6.82,9.88,0.89,67.70,0.75,-0.15,0.81,0.86,0.22
Mexico,MEX,2017-01-01,6.41,9.89,0.80,68.00,0.86,-0.20,0.80,0.84,0.23
Mexico,MEX,2018-01-01,6.55,9.90,0.86,68.30,0.82,-0.18,0.81,0.88,0.21
Mexico,MEX,2019-01-01,6.43,9.89,0.85,68.60,0.90,-0.14,0.81,0.86,0.25
Moldova,MDA,2010-01-01,5.59,9.05,0.85,61.30,0.60,-0.09,0.93,0.58,0.28
Moldova,MDA,2011-01-01,5.79,9.11,0.87,61.62,0.63,-0.08,0.96,0.57,0.28
Moldova,MDA,2012-01-01,6.00,9.11,0.83,61.94,0.60,-0.05,0.96,0.57,0.31
Moldova,MDA,2013-01-01,5.76,9.19,0.80,62.26,0.66,-0.07,0.94,0.58,0.26
Moldova,MDA,2014-01-01,5.92,9.24,0.80,62.58,0.62,-0.11,0.92,0.58,0.26
Moldova,MDA,2015-01-01,6.02,9.25,0.84,62.90,0.60,-0.09,0.94,0.59,0.28
Moldova,MDA,2016-01-01,5.58,9.30,0.84,63.60,0.56,-0.05,0.97,0.62,0.27
Moldova,MDA,2017-01-01,5.33,9.36,0.83,64.30,0.55,-0.05,0.93,0.58,0.26
Moldova,MDA,2018-01-01,5.68,9.42,0.89,65.00,0.82,-0.08,0.93,0.58,0.27
Moldova,MDA,2019-01-01,5.80,9.48,0.81,65.70,0.78,-0.09,0.88,0.63,0.26
Mongolia,MNG,2010-01-01,4.59,8.92,0.90,60.20,0.63,0.10,0.93,0.71,0.15
Mongolia,MNG,2011-01-01,5.03,9.06,0.95,60.50,0.70,0.15,0.93,0.69,0.15
Mongolia,MNG,2012-01-01,4.89,9.16,0.92,60.80,0.69,0.11,0.93,0.69,0.18
Mongolia,MNG,2013-01-01,4.91,9.25,0.93,61.10,0.75,0.14,0.93,0.65,0.18
Mongolia,MNG,2014-01-01,4.82,9.30,0.94,61.40,0.75,0.15,0.91,0.63,0.17
Mongolia,MNG,2015-01-01,4.98,9.31,0.91,61.70,0.69,0.17,0.90,0.65,0.21
Mongolia,MNG,2016-01-01,5.06,9.30,0.95,61.90,0.76,0.09,0.90,0.69,0.17
Mongolia,MNG,2017-01-01,5.33,9.33,0.92,62.10,0.67,0.12,0.86,0.68,0.21
Mongolia,MNG,2018-01-01,5.46,9.39,0.94,62.30,0.70,0.05,0.85,0.65,0.19
Mongolia,MNG,2019-01-01,5.56,9.42,0.95,62.50,0.71,0.15,0.87,0.71,0.17
Montenegro,MNE,2010-01-01,5.46,9.72,0.80,67.10,0.55,-0.21,0.76,0.59,0.41
Montenegro,MNE,2011-01-01,5.22,9.75,0.82,67.26,0.55,-0.23,0.76,0.60,0.38
Montenegro,MNE,2012-01-01,5.22,9.73,0.70,67.42,0.46,-0.19,0.76,0.57,0.38
Montenegro,MNE,2013-01-01,5.07,9.76,0.74,67.58,0.50,-0.18,0.69,0.54,0.33
Montenegro,MNE,2014-01-01,5.28,9.78,0.86,67.74,0.50,0.10,0.77,0.59,0.37
Montenegro,MNE,2015-01-01,5.12,9.81,0.74,67.90,0.58,-0.14,0.78,0.58,0.34
Montenegro,MNE,2016-01-01,5.30,9.84,0.87,68.10,0.57,-0.09,0.85,0.59,0.34
Montenegro,MNE,2017-01-01,5.61,9.88,0.88,68.30,0.63,-0.08,0.76,0.52,0.35
Montenegro,MNE,2018-01-01,5.65,9.93,0.86,68.50,0.63,-0.05,0.77,0.59,0.35
Montenegro,MNE,2019-01-01,5.39,9.97,0.83,68.70,0.69,-0.10,0.82,0.59,0.37
Morocco,MAR,2010-01-01,4.38,8.75,,63.50,0.66,-0.16,0.90,,
Morocco,MAR,2011-01-01,5.08,8.78,0.83,63.80,0.58,-0.22,0.88,0.74,0.19
Morocco,MAR,2012-01-01,4.97,8.80,0.68,64.10,0.76,-0.19,0.84,0.69,0.28
Morocco,MAR,2013-01-01,5.14,8.83,0.60,64.40,0.57,-0.21,0.77,0.78,0.24
Morocco,MAR,2015-01-01,5.16,8.87,0.61,65.00,0.71,-0.23,0.84,0.66,0.26
Morocco,MAR,2016-01-01,5.39,8.87,0.66,65.30,0.82,-0.24,0.72,0.71,0.21
Morocco,MAR,2017-01-01,5.31,8.90,0.64,65.60,0.81,-0.22,0.84,0.56,0.32
Morocco,MAR,2018-01-01,4.90,8.91,0.55,65.90,0.77,-0.23,0.84,0.64,0.42
Morocco,MAR,2019-01-01,5.06,8.92,0.53,66.20,0.76,-0.24,0.76,0.59,0.41
Mozambique,MOZ,2011-01-01,4.97,6.98,0.82,48.32,0.64,-0.02,0.72,0.59,0.24
Mozambique,MOZ,2015-01-01,4.55,7.14,0.67,51.20,0.81,0.09,0.63,0.56,0.34
Mozambique,MOZ,2017-01-01,4.28,7.16,0.68,53.20,0.82,-0.03,0.68,0.65,0.35
Mozambique,MOZ,2018-01-01,4.65,7.16,0.74,54.20,0.90,0.05,0.69,0.64,0.40
Mozambique,MOZ,2019-01-01,4.93,7.15,0.74,55.20,0.87,0.07,0.68,0.59,0.38
Myanmar,MMR,2012-01-01,4.44,8.16,0.61,57.02,0.69,0.64,0.69,0.76,0.21
Myanmar,MMR,2013-01-01,4.18,8.23,0.76,57.38,0.78,0.69,0.64,0.80,0.22
Myanmar,MMR,2014-01-01,4.79,8.30,0.77,57.74,,0.70,0.59,0.86,0.11
Myanmar,MMR,2015-01-01,4.22,8.36,0.75,58.10,0.81,0.69,0.63,0.87,0.27
Myanmar,MMR,2016-01-01,4.62,8.41,0.79,58.40,0.88,0.68,0.61,0.80,0.30
Myanmar,MMR,2017-01-01,4.15,8.46,0.80,58.70,0.89,0.65,0.62,0.75,0.28
Myanmar,MMR,2018-01-01,4.41,8.52,0.77,59.00,0.91,0.49,0.65,0.78,0.30
Myanmar,MMR,2019-01-01,4.43,8.55,0.76,59.30,0.90,0.56,0.68,0.75,0.29
Namibia,NAM,2014-01-01,4.57,9.23,0.76,55.16,0.85,-0.18,0.79,0.75,0.24
Namibia,NAM,2017-01-01,4.44,9.22,0.83,56.20,0.81,-0.19,0.83,0.72,0.28
Namibia,NAM,2018-01-01,4.83,9.20,0.86,56.50,0.75,-0.17,0.85,0.74,0.24
Namibia,NAM,2019-01-01,4.44,9.17,0.84,56.80,0.74,-0.17,0.88,0.67,0.26
Nepal,NPL,2010-01-01,4.35,7.76,0.78,59.20,0.52,0.09,0.91,0.67,0.23
Nepal,NPL,2011-01-01,3.81,7.80,0.74,59.40,0.52,-0.01,0.93,0.70,0.21
Nepal,NPL,2012-01-01,4.23,7.85,0.73,59.60,0.64,0.07,0.88,0.74,0.23
Nepal,NPL,2013-01-01,4.60,7.89,0.74,59.80,0.72,0.15,0.88,0.63,0.28
Nepal,NPL,2014-01-01,4.98,7.95,0.79,60.00,0.71,0.12,0.84,0.61,0.29
Nepal,NPL,2015-01-01,4.81,7.98,0.75,60.20,0.76,0.23,0.82,0.54,0.36
Nepal,NPL,2016-01-01,5.10,7.97,0.84,61.30,0.84,0.17,0.82,0.63,0.37
Nepal,NPL,2017-01-01,4.74,8.04,0.82,62.40,0.85,0.13,0.77,0.57,0.38
Nepal,NPL,2018-01-01,4.91,8.09,0.77,63.50,0.77,0.12,0.74,0.54,0.39
Nepal,NPL,2019-01-01,5.45,8.14,0.77,64.60,0.79,0.17,0.71,0.54,0.36
Netherlands,NLD,2010-01-01,7.50,10.86,0.96,71.40,0.92,0.35,0.40,0.85,0.21
Netherlands,NLD,2011-01-01,7.56,10.88,0.94,71.52,0.93,0.34,0.36,0.86,0.18
Netherlands,NLD,2012-01-01,7.47,10.86,0.94,71.64,0.88,0.29,0.43,0.86,0.23
Netherlands,NLD,2013-01-01,7.41,10.86,0.92,71.76,0.92,0.30,0.50,0.87,0.24
Netherlands,NLD,2014-01-01,7.32,10.87,0.91,71.88,0.91,0.33,0.46,0.87,0.22
Netherlands,NLD,2015-01-01,7.32,10.88,0.88,72.00,0.90,0.26,0.41,0.83,0.20
Netherlands,NLD,2016-01-01,7.54,10.90,0.93,72.10,0.91,0.24,0.43,0.84,0.21
Netherlands,NLD,2017-01-01,7.46,10.92,0.94,72.20,0.92,0.25,0.36,0.85,0.18
Netherlands,NLD,2018-01-01,7.46,10.94,0.94,72.30,0.92,0.16,0.37,0.86,0.20
Netherlands,NLD,2019-01-01,7.43,10.95,0.94,72.40,0.89,0.21,0.36,0.84,0.23
New Zealand,NZL,2010-01-01,7.22,10.52,0.98,72.00,0.92,0.25,0.32,0.85,0.23
New Zealand,NZL,2011-01-01,7.19,10.54,0.95,72.12,0.93,0.28,0.27,0.86,0.21
New Zealand,NZL,2012-01-01,7.25,10.55,0.93,72.24,0.90,0.29,0.29,0.87,0.21
New Zealand,NZL,2013-01-01,7.28,10.57,0.96,72.36,0.94,0.24,0.31,0.83,0.15
New Zealand,NZL,2014-01-01,7.31,10.59,0.94,72.48,0.93,0.35,0.27,0.85,0.20
New Zealand,NZL,2015-01-01,7.42,10.61,0.99,72.60,0.94,0.33,0.19,0.83,0.16
New Zealand,NZL,2016-01-01,7.23,10.62,0.94,72.80,0.93,0.27,0.28,0.83,0.21
New Zealand,NZL,2017-01-01,7.33,10.63,0.95,73.00,0.94,0.29,0.22,0.82,0.17
New Zealand,NZL,2018-01-01,7.37,10.66,0.95,73.20,0.95,0.12,0.21,0.85,0.17
New Zealand,NZL,2019-01-01,7.21,10.67,0.94,73.40,0.91,0.16,0.23,0.82,0.19
Nicaragua,NIC,2010-01-01,5.69,8.44,0.86,65.50,0.79,0.02,0.80,0.81,0.27
Nicaragua,NIC,2011-01-01,5.39,8.48,0.80,65.72,0.78,-0.02,0.76,0.79,0.31
Nicaragua,NIC,2012-01-01,5.45,8.53,0.89,65.94,0.85,0.02,0.64,0.80,0.25
Nicaragua,NIC,2013-01-01,5.77,8.57,0.87,66.16,0.86,0.04,0.64,0.84,0.27
Nicaragua,NIC,2014-01-01,6.28,8.60,0.84,66.38,0.82,0.10,0.70,0.81,0.33
Nicaragua,NIC,2015-01-01,5.92,8.64,0.83,66.60,0.81,0.08,0.73,0.80,0.35
Nicaragua,NIC,2016-01-01,6.01,8.67,0.85,66.90,0.72,0.04,0.73,0.81,0.38
Nicaragua,NIC,2017-01-01,6.48,8.70,0.84,67.20,0.92,0.01,0.67,0.85,0.31
Nicaragua,NIC,2018-01-01,5.82,8.65,0.85,67.50,0.80,0.01,0.71,0.79,0.41
Nicaragua,NIC,2019-01-01,6.11,8.60,0.87,67.80,0.88,0.03,0.62,0.84,0.34
Niger,NER,2010-01-01,4.10,6.94,0.65,49.40,0.82,-0.02,0.53,0.75,0.13
Niger,NER,2011-01-01,4.56,6.93,0.82,49.92,0.78,-0.06,0.55,0.70,0.17
Niger,NER,2012-01-01,3.80,6.99,0.70,50.44,0.73,-0.06,0.78,0.60,0.14
Niger,NER,2013-01-01,3.72,7.00,0.70,50.96,0.83,-0.08,0.71,0.65,0.21
Niger,NER,2014-01-01,4.18,7.03,0.75,51.48,0.69,-0.05,0.60,0.68,0.20
Niger,NER,2015-01-01,3.67,7.03,0.71,52.00,0.73,-0.03,0.70,0.68,0.22
Niger,NER,2016-01-01,4.23,7.05,0.68,52.50,0.70,-0.02,0.81,0.67,0.33
Niger,NER,2017-01-01,4.62,7.06,0.58,53.00,0.68,-0.03,0.78,0.73,0.43
Niger,NER,2018-01-01,5.16,7.09,0.61,53.50,0.79,0.01,0.64,0.77,0.50
Niger,NER,2019-01-01,5.00,7.11,0.68,54.00,0.83,0.03,0.73,0.82,0.30
Nigeria,NGA,2010-01-01,4.76,8.50,0.82,46.20,0.57,0.07,0.91,0.78,0.19
Nigeria,NGA,2012-01-01,5.49,8.54,0.82,47.12,0.65,0.07,0.90,0.81,0.21
Nigeria,NGA,2013-01-01,4.82,8.58,0.66,47.58,0.62,0.05,0.91,0.64,0.29
Nigeria,NGA,2015-01-01,4.93,8.62,0.81,48.50,0.68,-0.04,0.93,0.72,0.25
Nigeria,NGA,2016-01-01,5.22,8.57,0.80,48.90,0.80,0.04,0.90,0.73,0.25
Nigeria,NGA,2017-01-01,5.32,8.55,0.73,49.30,0.83,0.12,0.83,0.72,0.24
Nigeria,NGA,2018-01-01,5.25,8.55,0.74,49.70,0.79,-0.01,0.87,0.81,0.26
Nigeria,NGA,2019-01-01,4.36,8.54,0.73,50.10,0.73,0.03,0.87,0.71,0.25
North Macedonia,MKD,2010-01-01,4.18,9.50,0.69,64.50,0.51,-0.06,0.86,0.57,0.31
North Macedonia,MKD,2011-01-01,4.90,9.52,0.78,64.66,0.61,-0.09,0.87,0.59,0.36
North Macedonia,MKD,2012-01-01,4.64,9.51,0.80,64.81,0.61,-0.08,0.92,0.64,0.42
North Macedonia,MKD,2013-01-01,5.19,9.54,0.83,64.94,0.64,0.02,0.86,0.58,0.33
North Macedonia,MKD,2014-01-01,5.20,9.58,0.79,65.05,0.64,0.03,0.86,0.64,0.31
North Macedonia,MKD,2015-01-01,4.98,9.61,0.77,65.15,0.66,-0.05,0.82,0.62,0.30
North Macedonia,MKD,2016-01-01,5.35,9.64,0.87,65.22,0.71,0.08,0.87,0.64,0.29
North Macedonia,MKD,2017-01-01,5.23,9.65,0.80,65.30,0.75,-0.06,0.86,0.50,0.30
North Macedonia,MKD,2018-01-01,5.24,9.68,0.85,65.39,0.74,-0.04,0.91,0.59,0.30
North Macedonia,MKD,2019-01-01,5.02,9.71,0.81,65.47,0.72,0.02,0.92,0.58,0.30
Norway,NOR,2012-01-01,7.68,11.02,0.95,72.24,0.95,0.15,0.37,0.82,0.21
Norway,NOR,2014-01-01,7.44,11.02,0.94,72.68,0.96,0.18,0.40,0.83,0.19
Norway,NOR,2015-01-01,7.60,11.03,0.95,72.90,0.95,0.26,0.30,0.84,0.21
Norway,NOR,2016-01-01,7.60,11.04,0.96,73.00,0.95,0.13,0.41,0.85,0.21
Norway,NOR,2017-01-01,7.58,11.05,0.95,73.10,0.95,0.24,0.25,0.85,0.20
Norway,NOR,2018-01-01,7.44,11.06,0.97,73.20,0.96,0.09,0.27,0.83,0.21
Norway,NOR,2019-01-01,7.44,11.06,0.94,73.30,0.95,0.11,0.27,0.82,0.20
Oman,OMN,2011-01-01,6.85,10.38,,65.50,0.92,0.02,,,0.30
Pakistan,PAK,2010-01-01,5.79,8.27,0.57,56.20,0.36,0.30,0.85,0.65,0.37
Pakistan,PAK,2011-01-01,5.27,8.28,0.51,56.42,0.38,0.03,0.86,0.63,0.36
Pakistan,PAK,2012-01-01,5.13,8.29,0.54,56.64,0.37,0.16,0.84,0.66,0.33
Pakistan,PAK,2013-01-01,5.14,8.31,0.61,56.86,0.45,0.10,0.79,0.60,0.27
Pakistan,PAK,2014-01-01,5.44,8.34,0.55,57.08,0.54,0.14,0.68,0.58,0.30
Pakistan,PAK,2015-01-01,4.82,8.36,0.56,57.30,0.59,0.09,0.72,0.58,0.33
Pakistan,PAK,2016-01-01,5.55,8.39,0.63,57.70,0.63,0.09,0.79,0.65,0.33
Pakistan,PAK,2017-01-01,5.83,8.43,0.69,58.10,0.71,0.05,0.71,0.59,0.31
Pakistan,PAK,2018-01-01,5.47,8.46,0.69,58.50,0.77,0.07,0.80,0.57,0.38
Pakistan,PAK,2019-01-01,4.44,8.45,0.62,58.90,0.68,0.12,0.78,0.58,0.42
Panama,PAN,2010-01-01,7.32,9.97,0.93,68.30,0.75,-0.01,0.88,0.89,0.15
Panama,PAN,2011-01-01,7.25,10.06,0.88,68.50,0.83,0.01,0.84,0.89,0.18
Panama,PAN,2012-01-01,6.86,10.13,0.90,68.70,0.78,-0.00,0.80,0.87,0.21
Panama,PAN,2013-01-01,6.87,10.18,0.90,68.90,0.81,0.02,0.81,0.87,0.23
Panama,PAN,2014-01-01,6.63,10.22,0.87,69.10,0.89,0.00,0.85,0.81,0.25
Panama,PAN,2015-01-01,6.61,10.26,0.88,69.30,0.85,-0.01,0.81,0.80,0.26
Panama,PAN,2016-01-01,6.12,10.29,0.88,69.40,0.88,-0.10,0.84,0.86,0.24
Panama,PAN,2017-01-01,6.57,10.32,0.91,69.50,0.90,-0.17,0.84,0.83,0.24
Panama,PAN,2018-01-01,6.28,10.34,0.90,69.60,0.86,-0.13,0.84,0.88,0.22
Panama,PAN,2019-01-01,6.09,10.36,0.89,69.70,0.88,-0.20,0.87,0.88,0.24
Paraguay,PRY,2010-01-01,5.84,9.25,0.89,64.50,0.73,0.08,0.78,0.86,0.18
Paraguay,PRY,2011-01-01,5.68,9.28,0.87,64.62,0.67,0.19,0.76,0.81,0.19
Paraguay,PRY,2012-01-01,5.82,9.26,0.93,64.74,0.75,0.20,0.77,0.84,0.21
Paraguay,PRY,2013-01-01,5.94,9.33,0.94,64.86,0.91,0.05,0.90,0.92,0.22
Paraguay,PRY,2014-01-01,5.12,9.36,0.96,64.98,0.76,-0.00,0.76,0.94,0.22
Paraguay,PRY,2015-01-01,5.56,9.38,0.91,65.10,0.81,-0.01,0.86,0.87,0.22
Paraguay,PRY,2016-01-01,5.80,9.41,0.94,65.30,0.85,-0.07,0.76,0.92,0.20
Paraguay,PRY,2017-01-01,5.71,9.44,0.90,65.50,0.89,0.00,0.81,0.90,0.23
Paraguay,PRY,2019-01-01,5.65,9.45,0.89,65.90,0.88,0.03,0.88,0.86,0.28
Peru,PER,2010-01-01,5.61,9.22,0.81,66.30,0.76,-0.06,0.88,0.80,0.33
Peru,PER,2011-01-01,5.89,9.27,0.76,66.48,0.77,-0.12,0.82,0.78,0.33
Peru,PER,2012-01-01,5.82,9.32,0.76,66.66,0.70,-0.08,0.87,0.76,0.40
Peru,PER,2013-01-01,5.78,9.37,0.80,66.84,0.70,-0.07,0.87,0.78,0.39
Peru,PER,2014-01-01,5.87,9.38,0.82,67.02,0.72,-0.14,0.88,0.76,0.32
Peru,PER,2015-01-01,5.58,9.40,0.80,67.20,0.80,-0.09,0.88,0.75,0.38
Peru,PER,2016-01-01,5.70,9.43,0.80,67.50,0.83,-0.13,0.87,0.82,0.34
Peru,PER,2017-01-01,5.71,9.43,0.83,67.80,0.83,-0.15,0.90,0.79,0.39
Peru,PER,2018-01-01,5.68,9.46,0.85,68.10,0.83,-0.18,0.91,0.81,0.38
Peru,PER,2019-01-01,6.00,9.46,0.81,68.40,0.81,-0.13,0.87,0.82,0.37
Philippines,PHL,2010-01-01,4.94,8.69,0.80,60.60,0.89,0.03,0.81,0.88,0.29
Philippines,PHL,2011-01-01,4.99,8.71,0.79,60.80,0.88,0.07,0.78,0.85,0.36
Philippines,PHL,2012-01-01,5.00,8.76,0.81,61.00,0.91,0.05,0.77,0.87,0.35
Philippines,PHL,2013-01-01,4.98,8.80,0.85,61.20,0.91,0.02,0.76,0.80,0.33
Philippines,PHL,2014-01-01,5.31,8.85,0.81,61.40,0.90,-0.02,0.79,0.81,0.33
Philippines,PHL,2015-01-01,5.55,8.90,0.85,61.60,0.91,-0.05,0.76,0.81,0.35
Philippines,PHL,2016-01-01,5.43,8.95,0.82,61.70,0.91,-0.07,0.79,0.82,0.29
Philippines,PHL,2017-01-01,5.59,9.00,0.85,61.80,0.93,-0.14,0.71,0.77,0.34
Philippines,PHL,2018-01-01,5.87,9.05,0.85,61.90,0.92,-0.11,0.73,0.77,0.39
Philippines,PHL,2019-01-01,6.27,9.09,0.85,62.00,0.91,-0.08,0.75,0.78,0.34
Poland,POL,2010-01-01,5.89,10.08,0.96,67.30,0.79,0.00,0.90,0.74,0.23
Poland,POL,2011-01-01,5.65,10.13,0.90,67.46,0.87,-0.07,0.91,0.73,0.22
Poland,POL,2012-01-01,5.88,10.15,0.94,67.62,0.81,-0.03,0.89,0.79,0.27
Poland,POL,2013-01-01,5.75,10.16,0.91,67.78,0.78,-0.14,0.92,0.78,0.24
Poland,POL,2014-01-01,5.75,10.20,0.92,67.94,0.88,-0.06,0.90,0.78,0.22
Poland,POL,2015-01-01,6.01,10.24,0.89,68.10,0.79,-0.09,0.81,0.73,0.24
Poland,POL,2016-01-01,6.16,10.27,0.92,68.50,0.87,-0.09,0.85,0.78,0.22
Poland,POL,2017-01-01,6.20,10.31,0.88,68.90,0.83,-0.12,0.64,0.68,0.20
Poland,POL,2018-01-01,6.11,10.37,0.86,69.30,0.87,-0.25,0.72,0.74,0.18
Poland,POL,2019-01-01,6.24,10.41,0.88,69.70,0.88,-0.23,0.70,0.73,0.17
Portugal,PRT,2010-01-01,5.09,10.37,0.86,70.80,0.72,-0.11,0.95,0.74,0.27
Portugal,PRT,2011-01-01,5.22,10.35,0.86,71.00,0.88,-0.17,0.96,0.73,0.28
Portugal,PRT,2012-01-01,4.99,10.32,0.87,71.20,0.77,-0.10,0.96,0.73,0.37
Portugal,PRT,2013-01-01,5.16,10.31,0.87,71.40,0.79,-0.12,0.95,0.70,0.35
Portugal,PRT,2014-01-01,5.13,10.32,0.86,71.60,0.85,-0.13,0.94,0.71,0.36
Portugal,PRT,2015-01-01,5.08,10.35,0.87,71.80,0.80,-0.16,0.94,0.66,0.37
Portugal,PRT,2016-01-01,5.45,10.37,0.90,72.00,0.84,-0.23,0.92,0.68,0.33
Portugal,PRT,2017-01-01,5.71,10.41,0.90,72.20,0.91,-0.18,0.88,0.65,0.29
Portugal,PRT,2018-01-01,5.92,10.43,0.89,72.40,0.88,-0.26,0.88,0.68,0.32
Portugal,PRT,2019-01-01,6.10,10.46,0.88,72.60,0.88,-0.23,0.92,0.71,0.30
Qatar,QAT,2010-01-01,6.85,11.52,,66.70,,0.10,,,
Qatar,QAT,2011-01-01,6.59,11.55,0.86,67.02,0.90,0.01,,0.76,0.33
Qatar,QAT,2012-01-01,6.61,11.52,0.84,67.34,0.92,0.16,,0.77,0.32
Qatar,QAT,2015-01-01,6.37,11.49,,68.30,,,,,
Romania,ROU,2010-01-01,4.91,9.92,0.69,65.20,0.57,-0.08,0.97,0.60,0.34
Romania,ROU,2011-01-01,5.02,9.94,0.75,65.42,0.65,-0.14,0.96,0.54,0.29
Romania,ROU,2012-01-01,5.17,9.97,0.74,65.64,0.64,-0.11,0.96,0.56,0.34
Romania,ROU,2013-01-01,5.08,10.00,0.78,65.86,0.65,-0.13,0.95,0.64,0.33
Romania,ROU,2014-01-01,5.73,10.04,0.75,66.08,0.75,-0.10,0.96,0.65,0.33
Romania,ROU,2015-01-01,5.78,10.08,0.79,66.30,0.80,-0.14,0.96,0.71,0.31
Romania,ROU,2016-01-01,5.97,10.14,0.81,66.60,0.82,-0.12,0.95,0.69,0.26
Romania,ROU,2017-01-01,6.09,10.21,0.81,66.90,0.84,-0.16,0.93,0.73,0.23
Romania,ROU,2018-01-01,6.15,10.26,0.82,67.20,0.85,-0.22,0.92,0.74,0.30
Romania,ROU,2019-01-01,6.13,10.31,0.84,67.50,0.85,-0.22,0.95,0.70,0.24
Russian Federation,RUS,2010-01-01,5.38,10.09,0.91,61.00,0.61,-0.30,0.94,0.59,0.17
Russian Federation,RUS,2011-01-01,5.39,10.13,0.88,61.42,0.63,-0.28,0.94,0.60,0.17
Russian Federation,RUS,2012-01-01,5.62,10.17,0.90,61.84,0.61,-0.29,0.94,0.61,0.17
Russian Federation,RUS,2013-01-01,5.54,10.18,0.88,62.26,0.66,-0.29,0.93,0.68,0.18
Russian Federation,RUS,2014-01-01,6.04,10.17,0.93,62.68,0.74,-0.26,0.87,0.69,0.15
Russian Federation,RUS,2015-01-01,6.00,10.15,0.92,63.10,0.69,-0.17,0.91,0.68,0.13
Russian Federation,RUS,2016-01-01,5.85,10.15,0.91,63.50,0.71,-0.18,0.93,0.64,0.14
Russian Federation,RUS,2017-01-01,5.58,10.17,0.90,63.90,0.73,-0.14,0.86,0.71,0.19
Russian Federation,RUS,2018-01-01,5.51,10.19,0.91,64.30,0.73,-0.15,0.87,0.67,0.20
Russian Federation,RUS,2019-01-01,5.44,10.21,0.91,64.70,0.71,-0.12,0.85,0.69,0.20
Rwanda,RWA,2011-01-01,4.10,7.37,0.57,56.82,0.83,-0.04,0.16,0.67,0.15
Rwanda,RWA,2012-01-01,3.33,7.43,0.64,57.44,0.84,-0.01,0.08,0.70,0.13
Rwanda,RWA,2013-01-01,3.47,7.45,0.75,58.06,0.90,-0.03,0.12,0.76,0.17
Rwanda,RWA,2014-01-01,3.60,7.48,0.75,58.68,0.89,-0.02,0.08,0.76,0.13
Rwanda,RWA,2015-01-01,3.48,7.54,0.68,59.30,0.91,0.03,0.09,0.72,0.21
Rwanda,RWA,2016-01-01,3.33,7.58,0.67,59.90,0.91,0.03,0.16,0.75,0.29
Rwanda,RWA,2017-01-01,3.11,7.59,0.52,60.50,0.91,0.05,0.21,0.76,0.36
Rwanda,RWA,2018-01-01,3.56,7.64,0.62,61.10,0.92,0.06,0.16,0.79,0.31
Rwanda,RWA,2019-01-01,3.27,7.71,0.49,61.70,0.87,0.06,0.17,0.74,0.42
Saudi Arabia,SAU,2010-01-01,6.31,10.69,0.88,64.40,0.68,-0.03,,0.65,0.30
Saudi Arabia,SAU,2011-01-01,6.70,10.76,0.83,64.60,0.60,-0.14,,0.73,0.24
Saudi Arabia,SAU,2012-01-01,6.40,10.78,0.87,64.80,0.56,-0.12,,0.72,0.22
Saudi Arabia,SAU,2013-01-01,6.50,10.78,0.83,65.00,0.66,-0.08,,0.74,0.28
Saudi Arabia,SAU,2014-01-01,6.28,10.78,0.82,65.20,0.76,-0.07,,0.71,0.31
Saudi Arabia,SAU,2015-01-01,6.35,10.80,0.82,65.40,0.82,-0.04,,0.72,0.33
Saudi Arabia,SAU,2016-01-01,6.47,10.79,0.89,65.70,0.77,-0.13,,0.79,0.27
Saudi Arabia,SAU,2017-01-01,6.29,10.76,0.84,66.00,0.81,-0.13,,0.77,0.31
Saudi Arabia,SAU,2018-01-01,6.36,10.77,0.87,66.30,0.85,-0.19,,0.76,0.29
Saudi Arabia,SAU,2019-01-01,6.56,10.76,0.91,66.60,0.89,-0.15,,0.73,0.24
Senegal,SEN,2010-01-01,4.37,7.92,0.76,56.10,0.78,-0.08,0.85,0.77,0.14
Senegal,SEN,2011-01-01,3.83,7.90,0.60,56.56,0.64,-0.16,0.87,0.75,0.18
Senegal,SEN,2012-01-01,3.67,7.93,0.71,57.02,0.67,-0.04,0.85,0.77,0.21
Senegal,SEN,2013-01-01,3.65,7.93,0.82,57.48,0.64,-0.05,0.84,0.68,0.17
Senegal,SEN,2014-01-01,4.39,7.96,0.86,57.94,0.69,-0.05,0.70,0.72,0.16
Senegal,SEN,2015-01-01,4.62,8.00,0.70,58.40,0.72,-0.11,0.77,0.71,0.21
Senegal,SEN,2016-01-01,4.59,8.03,0.84,58.80,0.74,-0.09,0.79,0.78,0.24
Senegal,SEN,2017-01-01,4.68,8.07,0.74,59.20,0.69,-0.04,0.83,0.75,0.29
Senegal,SEN,2018-01-01,4.77,8.11,0.74,59.60,0.63,-0.07,0.80,0.71,0.25
Senegal,SEN,2019-01-01,5.49,8.13,0.69,60.00,0.76,-0.02,0.80,0.79,0.33
Serbia,SRB,2010-01-01,4.46,9.58,0.73,66.20,0.46,-0.17,0.97,0.53,0.42
Serbia,SRB,2011-01-01,4.82,9.61,0.77,66.36,0.44,-0.18,0.98,0.55,0.41
Serbia,SRB,2012-01-01,5.15,9.60,0.82,66.52,0.46,-0.13,0.95,0.51,0.37
Serbia,SRB,2013-01-01,5.10,9.64,0.83,66.68,0.53,-0.10,0.91,0.53,0.40
Serbia,SRB,2014-01-01,5.11,9.63,0.78,66.84,0.53,0.07,0.91,0.50,0.33
Serbia,SRB,2015-01-01,5.32,9.65,0.82,67.00,0.55,-0.06,0.86,0.50,0.30
Serbia,SRB,2016-01-01,5.75,9.69,0.89,67.40,0.61,-0.07,0.89,0.53,0.30
Serbia,SRB,2017-01-01,5.12,9.71,0.88,67.80,0.68,-0.08,0.85,0.51,0.33
Serbia,SRB,2018-01-01,5.94,9.76,0.85,68.20,0.74,-0.10,0.86,0.56,0.30
Serbia,SRB,2019-01-01,6.24,9.81,0.90,68.60,0.75,-0.04,0.81,0.51,0.24
Sierra Leone,SLE,2010-01-01,4.13,7.25,0.81,43.90,0.73,0.01,0.91,0.51,0.29
Sierra Leone,SLE,2011-01-01,4.50,7.29,0.78,44.32,0.77,0.00,0.85,0.45,0.30
Sierra Leone,SLE,2013-01-01,4.51,7.58,0.71,45.16,0.72,-0.07,0.86,0.52,0.42
Sierra Leone,SLE,2014-01-01,4.50,7.60,0.87,45.58,0.68,0.03,0.79,0.57,0.33
Sierra Leone,SLE,2015-01-01,4.91,7.35,0.61,46.00,0.62,0.05,0.82,0.63,0.41
Sierra Leone,SLE,2016-01-01,4.73,7.38,0.66,47.60,0.68,0.11,0.86,0.58,0.46
Sierra Leone,SLE,2017-01-01,4.09,7.40,0.65,49.20,0.71,0.08,0.85,0.60,0.50
Sierra Leone,SLE,2018-01-01,4.31,7.42,0.65,50.80,0.72,0.10,0.86,0.55,0.47
Sierra Leone,SLE,2019-01-01,3.45,7.45,0.61,52.40,0.72,0.07,0.87,0.51,0.44
Singapore,SGP,2010-01-01,6.53,11.27,0.86,74.80,0.85,-0.02,0.06,0.60,0.13
Singapore,SGP,2011-01-01,6.56,11.31,0.90,75.02,0.82,-0.15,0.10,0.48,0.14
Singapore,SGP,2013-01-01,6.53,11.36,0.81,75.46,0.83,0.11,0.24,0.77,0.15
Singapore,SGP,2014-01-01,7.06,11.38,0.82,75.68,0.83,0.15,0.13,0.84,0.18
Singapore,SGP,2015-01-01,6.62,11.40,0.87,75.90,0.89,0.15,0.10,0.80,0.14
Singapore,SGP,2016-01-01,6.03,11.42,0.93,76.20,0.90,0.14,0.05,0.82,0.11
Singapore,SGP,2017-01-01,6.38,11.46,0.90,76.50,0.93,0.14,0.16,0.80,0.18
Singapore,SGP,2018-01-01,6.37,11.49,0.90,76.80,0.92,-0.07,0.10,0.79,0.11
Singapore,SGP,2019-01-01,6.38,11.49,0.92,77.10,0.94,0.03,0.07,0.72,0.14
Slovak Republic,SVK,2010-01-01,6.05,10.17,0.92,66.80,0.64,-0.10,0.91,0.67,0.28
Slovak Republic,SVK,2011-01-01,5.95,10.20,0.92,67.04,0.73,0.01,0.91,0.64,0.29
Slovak Republic,SVK,2012-01-01,5.91,10.21,0.93,67.28,0.62,-0.03,0.91,0.66,0.30
Slovak Republic,SVK,2013-01-01,5.94,10.22,0.91,67.52,0.60,-0.05,0.91,0.70,0.28
Slovak Republic,SVK,2014-01-01,6.14,10.24,0.92,67.76,0.63,-0.13,0.91,0.70,0.27
Slovak Republic,SVK,2015-01-01,6.16,10.29,0.94,68.00,0.59,-0.13,0.93,0.71,0.27
Slovak Republic,SVK,2016-01-01,5.99,10.31,0.95,68.30,0.70,-0.06,0.92,0.77,0.23
Slovak Republic,SVK,2017-01-01,6.37,10.34,0.91,68.60,0.71,-0.05,0.92,0.79,0.21
Slovak Republic,SVK,2018-01-01,6.24,10.38,0.92,68.90,0.76,-0.17,0.91,0.75,0.25
Slovak Republic,SVK,2019-01-01,6.24,10.40,0.93,69.20,0.77,-0.13,0.93,0.75,0.25
Slovenia,SVN,2010-01-01,6.08,10.42,0.92,69.20,0.90,0.03,0.84,0.67,0.30
Slovenia,SVN,2011-01-01,6.04,10.43,0.93,69.40,0.91,-0.03,0.89,0.65,0.29
Slovenia,SVN,2012-01-01,6.06,10.40,0.92,69.60,0.90,-0.02,0.89,0.66,0.28
Slovenia,SVN,2013-01-01,5.97,10.39,0.93,69.80,0.89,0.04,0.92,0.64,0.27
Slovenia,SVN,2014-01-01,5.68,10.41,0.91,70.00,0.89,0.05,0.91,0.62,0.29
Slovenia,SVN,2015-01-01,5.74,10.43,0.90,70.20,0.90,0.01,0.89,0.66,0.26
Slovenia,SVN,2016-01-01,5.94,10.46,0.93,70.50,0.90,-0.05,0.84,0.63,0.27
Slovenia,SVN,2017-01-01,6.17,10.51,0.93,70.80,0.92,-0.03,0.83,0.62,0.29
Slovenia,SVN,2018-01-01,6.25,10.55,0.94,71.10,0.94,-0.12,0.84,0.64,0.28
Slovenia,SVN,2019-01-01,6.67,10.56,0.95,71.40,0.95,-0.10,0.79,0.68,0.23
Somalia,SOM,2010-01-01,4.66,,0.83,,0.82,,0.47,0.77,0.08
Somalia,SOM,2011-01-01,4.93,,0.79,,0.86,,0.36,0.75,0.12
Somalia,SOM,2012-01-01,5.06,,0.79,,0.76,,0.33,0.74,0.15
Somalia,SOM,2014-01-01,5.53,,0.61,49.60,0.87,,0.46,0.83,0.21
Somalia,SOM,2015-01-01,5.35,,0.60,50.10,0.97,,0.41,0.90,0.19
Somalia,SOM,2016-01-01,4.67,,0.59,50.00,0.92,,0.44,0.89,0.19
South Africa,ZAF,2010-01-01,4.65,9.43,0.92,50.50,0.74,-0.20,0.79,0.79,0.12
South Africa,ZAF,2011-01-01,4.93,9.45,0.86,51.46,0.84,-0.15,0.82,0.76,0.23
South Africa,ZAF,2012-01-01,5.13,9.45,0.91,52.42,0.59,-0.16,0.84,0.76,0.18
South Africa,ZAF,2013-01-01,3.66,9.46,0.84,53.38,0.71,-0.08,0.80,0.77,0.17
South Africa,ZAF,2014-01-01,4.83,9.46,0.88,54.34,0.79,-0.12,0.82,0.80,0.24
South Africa,ZAF,2015-01-01,4.89,9.46,0.90,55.30,0.86,-0.13,0.85,0.78,0.16
South Africa,ZAF,2016-01-01,4.77,9.45,0.88,55.70,0.77,-0.07,0.81,0.79,0.30
South Africa,ZAF,2017-01-01,4.51,9.45,0.87,56.10,0.79,-0.13,0.86,0.78,0.27
South Africa,ZAF,2018-01-01,4.88,9.44,0.84,56.50,0.75,-0.05,0.84,0.81,0.28
South Africa,ZAF,2019-01-01,5.03,9.43,0.85,56.90,0.74,-0.13,0.82,0.80,0.27
South Sudan,SSD,2014-01-01,3.83,,0.55,49.84,0.57,,0.74,0.61,0.43
South Sudan,SSD,2015-01-01,4.07,,0.58,50.20,0.51,,0.71,0.59,0.45
South Sudan,SSD,2016-01-01,2.89,,0.53,50.60,0.44,,0.79,0.61,0.55
South Sudan,SSD,2017-01-01,2.82,,0.56,51.00,0.46,,0.76,0.59,0.52
Spain,ESP,2010-01-01,6.19,10.53,0.95,72.90,0.80,-0.14,0.84,0.72,0.32
Spain,ESP,2011-01-01,6.52,10.52,0.94,73.02,0.82,-0.12,0.85,0.74,0.36
Spain,ESP,2012-01-01,6.29,10.49,0.94,73.14,0.75,-0.06,0.84,0.75,0.37
Spain,ESP,2013-01-01,6.15,10.48,0.93,73.26,0.76,-0.10,0.92,0.70,0.37
Spain,ESP,2014-01-01,6.46,10.49,0.95,73.38,0.74,-0.03,0.85,0.72,0.34
Spain,ESP,2015-01-01,6.38,10.53,0.96,73.50,0.73,-0.07,0.82,0.73,0.28
Spain,ESP,2016-01-01,6.32,10.56,0.94,73.80,0.77,-0.05,0.82,0.65,0.30
Spain,ESP,2017-01-01,6.23,10.59,0.90,74.10,0.76,-0.03,0.79,0.63,0.30
Spain,ESP,2018-01-01,6.51,10.60,0.91,74.40,0.72,-0.07,0.78,0.66,0.36
Spain,ESP,2019-01-01,6.46,10.62,0.95,74.70,0.78,-0.05,0.73,0.66,0.32
Sri Lanka,LKA,2010-01-01,3.98,9.12,0.81,66.10,0.74,0.26,0.77,0.82,0.16
Sri Lanka,LKA,2011-01-01,4.18,9.19,0.84,66.20,0.82,0.14,0.76,0.82,0.17
Sri Lanka,LKA,2012-01-01,4.22,9.28,0.82,66.30,0.80,0.16,0.82,0.86,0.20
Sri Lanka,LKA,2013-01-01,4.36,9.30,0.81,66.40,0.83,0.27,0.84,0.86,0.21
Sri Lanka,LKA,2014-01-01,4.27,9.34,0.80,66.50,0.87,0.30,0.79,0.84,0.19
Sri Lanka,LKA,2015-01-01,4.61,9.38,0.86,66.60,0.90,0.32,0.86,0.85,0.23
Sri Lanka,LKA,2017-01-01,4.33,9.44,0.82,67.00,0.83,0.09,0.84,0.79,0.27
Sri Lanka,LKA,2018-01-01,4.44,9.46,0.83,67.20,0.86,0.11,0.86,0.83,0.30
Sri Lanka,LKA,2019-01-01,4.21,9.48,0.81,67.40,0.82,0.05,0.86,0.82,0.31
Sudan,SDN,2010-01-01,4.44,8.08,0.85,54.00,0.65,-0.04,0.74,0.67,0.22
Sudan,SDN,2011-01-01,4.31,8.20,0.82,54.28,0.58,-0.02,0.66,0.59,0.25
Sudan,SDN,2012-01-01,4.55,8.30,0.81,54.56,0.41,-0.06,0.73,0.58,0.24
Sudan,SDN,2014-01-01,4.14,8.32,0.81,55.12,0.39,-0.06,0.79,0.54,0.30
Suriname,SUR,2012-01-01,6.27,9.80,0.80,62.24,0.89,-0.08,0.75,0.76,0.25
Sweden,SWE,2010-01-01,7.50,10.79,0.97,71.90,0.90,0.14,0.25,0.83,0.20
Sweden,SWE,2011-01-01,7.38,10.81,0.92,71.98,0.94,0.16,0.27,0.81,0.18
Sweden,SWE,2012-01-01,7.56,10.80,0.93,72.06,0.94,0.13,0.25,0.86,0.17
Sweden,SWE,2013-01-01,7.43,10.80,0.92,72.14,0.94,0.16,0.32,0.83,0.18
Sweden,SWE,2014-01-01,7.24,10.82,0.93,72.22,0.95,0.20,0.25,0.84,0.21
Sweden,SWE,2015-01-01,7.29,10.85,0.93,72.30,0.94,0.21,0.23,0.82,0.19
Sweden,SWE,2016-01-01,7.37,10.86,0.91,72.40,0.92,0.15,0.25,0.82,0.20
Sweden,SWE,2017-01-01,7.29,10.87,0.91,72.50,0.93,0.17,0.24,0.81,0.18
Sweden,SWE,2018-01-01,7.37,10.88,0.93,72.60,0.94,0.08,0.26,0.82,0.16
Sweden,SWE,2019-01-01,7.40,10.88,0.93,72.70,0.94,0.09,0.25,0.83,0.20
Switzerland,CHE,2012-01-01,7.78,11.08,0.95,72.78,0.95,0.14,0.32,0.86,0.18
Switzerland,CHE,2014-01-01,7.49,11.10,0.96,73.06,0.95,0.06,0.28,0.82,0.19
Switzerland,CHE,2015-01-01,7.57,11.10,0.94,73.20,0.93,0.11,0.21,0.81,0.17
Switzerland,CHE,2016-01-01,7.46,11.11,0.93,73.50,0.93,0.09,0.30,0.78,0.21
Switzerland,CHE,2017-01-01,7.47,11.11,0.95,73.80,0.92,0.18,0.32,0.77,0.20
Switzerland,CHE,2018-01-01,7.51,11.13,0.93,74.10,0.93,0.10,0.30,0.79,0.19
Switzerland,CHE,2019-01-01,7.69,11.14,0.95,74.40,0.91,0.04,0.29,0.80,0.17
Syrian Arab Republic,SYR,2010-01-01,4.46,8.73,0.93,64.10,0.65,0.01,0.74,0.56,0.22
Syrian Arab Republic,SYR,2011-01-01,4.04,8.73,0.58,62.32,0.53,0.13,0.74,0.60,0.50
Syrian Arab Republic,SYR,2012-01-01,3.16,8.56,0.59,60.54,0.47,0.32,0.67,0.46,0.70
Syrian Arab Republic,SYR,2013-01-01,2.69,8.40,0.59,58.76,0.45,0.23,0.66,0.39,0.62
Syrian Arab Republic,SYR,2015-01-01,3.46,8.44,0.46,55.20,0.45,0.04,0.69,0.37,0.64
Tajikistan,TJK,2010-01-01,4.38,7.72,0.76,62.40,0.78,0.06,0.68,0.64,0.19
Tajikistan,TJK,2011-01-01,4.26,7.77,0.75,62.56,0.78,-0.12,0.67,0.70,0.17
Tajikistan,TJK,2012-01-01,4.50,7.82,0.73,62.72,0.75,-0.07,0.72,0.71,0.20
Tajikistan,TJK,2013-01-01,4.97,7.87,0.70,62.88,0.69,0.06,0.76,0.68,0.17
Tajikistan,TJK,2014-01-01,4.90,7.91,0.81,63.04,0.85,0.00,0.70,0.66,0.20
Tajikistan,TJK,2015-01-01,5.12,7.95,0.84,63.20,0.85,0.02,0.74,0.69,0.20
Tajikistan,TJK,2016-01-01,5.10,7.99,0.86,63.50,0.70,0.01,0.63,0.64,0.22
Tajikistan,TJK,2017-01-01,5.83,8.04,0.66,63.80,0.83,0.12,0.72,0.60,0.28
Tajikistan,TJK,2018-01-01,5.50,8.08,0.88,64.10,,-0.06,0.58,0.69,0.22
Tajikistan,TJK,2019-01-01,5.46,8.13,0.88,64.40,,-0.04,0.49,0.73,0.18
Tanzania,TZA,2010-01-01,3.23,7.60,0.81,52.30,0.60,0.14,0.87,0.72,0.15
Tanzania,TZA,2011-01-01,4.07,7.65,0.88,53.04,0.74,-0.05,0.82,0.76,0.15
Tanzania,TZA,2012-01-01,4.01,7.66,0.83,53.78,0.58,0.21,0.89,0.68,0.20
Tanzania,TZA,2013-01-01,3.85,7.70,0.80,54.52,0.65,0.05,0.86,0.74,0.19
Tanzania,TZA,2014-01-01,3.48,7.73,0.79,55.26,0.65,0.11,0.88,0.73,0.24
Tanzania,TZA,2015-01-01,3.66,7.76,0.79,56.00,0.76,0.15,0.91,0.62,0.19
Tanzania,TZA,2016-01-01,2.90,7.80,0.64,56.50,0.78,0.18,0.74,0.69,0.25
Tanzania,TZA,2017-01-01,3.35,7.84,0.71,57.00,0.80,0.12,0.65,0.71,0.26
Tanzania,TZA,2018-01-01,3.45,7.86,0.68,57.50,0.81,0.15,0.61,0.76,0.22
Tanzania,TZA,2019-01-01,3.64,7.89,0.69,58.00,0.85,0.10,0.59,0.73,0.24
Thailand,THA,2010-01-01,6.22,9.58,0.90,65.50,0.86,0.54,0.92,0.90,0.18
Thailand,THA,2011-01-01,6.66,9.58,0.88,65.72,0.93,0.40,0.92,0.93,0.12
Thailand,THA,2012-01-01,6.30,9.64,0.91,65.94,0.85,0.38,0.91,0.85,0.14
Thailand,THA,2013-01-01,6.23,9.67,0.93,66.16,0.78,0.46,0.93,0.85,0.14
Thailand,THA,2014-01-01,6.99,9.67,0.93,66.38,0.90,0.55,0.92,0.81,0.17
Thailand,THA,2015-01-01,6.20,9.70,0.87,66.60,0.88,0.32,0.91,0.91,0.17
Thailand,THA,2016-01-01,6.07,9.73,0.91,66.80,0.92,0.36,0.88,0.83,0.22
Thailand,THA,2017-01-01,5.94,9.77,0.88,67.00,0.92,0.21,0.88,0.82,0.23
Thailand,THA,2018-01-01,6.01,9.80,0.87,67.20,0.90,0.26,0.91,0.84,0.20
Thailand,THA,2019-01-01,6.02,9.82,0.90,67.40,0.90,0.31,0.88,0.84,0.21
Togo,TGO,2011-01-01,2.94,7.15,0.30,51.58,0.58,-0.07,0.83,0.48,0.40
Togo,TGO,2014-01-01,2.84,7.25,0.44,53.02,0.66,-0.08,0.80,0.58,0.44
Togo,TGO,2015-01-01,3.77,7.28,0.48,53.50,0.77,-0.07,0.73,0.60,0.42
Togo,TGO,2016-01-01,3.88,7.31,0.51,53.90,0.73,-0.01,0.82,0.60,0.48
Togo,TGO,2017-01-01,4.36,7.32,0.51,54.30,0.72,-0.04,0.73,0.61,0.43
Togo,TGO,2018-01-01,4.02,7.35,0.60,54.70,0.61,-0.01,0.81,0.61,0.45
Togo,TGO,2019-01-01,4.18,7.38,0.54,55.10,0.62,0.06,0.74,0.59,0.44
Trinidad and Tobago,TTO,2011-01-01,6.52,10.26,0.86,62.54,0.78,0.08,0.90,0.91,0.13
Trinidad and Tobago,TTO,2013-01-01,6.17,10.28,0.88,62.82,0.85,0.13,0.95,0.83,0.29
Trinidad and Tobago,TTO,2017-01-01,6.19,10.18,0.92,63.50,0.86,0.01,0.91,0.85,0.25
Tunisia,TUN,2010-01-01,5.13,9.22,0.86,65.10,0.62,-0.14,0.73,0.72,0.25
Tunisia,TUN,2011-01-01,4.88,9.19,0.71,65.28,0.60,-0.20,0.91,0.59,0.25
Tunisia,TUN,2012-01-01,4.46,9.22,0.61,65.46,0.57,-0.18,0.90,0.52,0.33
Tunisia,TUN,2013-01-01,5.25,9.24,0.65,65.64,0.54,-0.21,0.89,0.52,0.24
Tunisia,TUN,2014-01-01,4.76,9.26,0.68,65.82,0.59,-0.23,0.78,0.50,0.32
Tunisia,TUN,2015-01-01,5.13,9.26,0.61,66.00,0.71,-0.23,0.81,0.57,0.32
Tunisia,TUN,2016-01-01,4.52,9.26,0.70,66.30,0.61,-0.16,0.81,0.61,0.38
Tunisia,TUN,2017-01-01,4.12,9.27,0.72,66.60,0.48,-0.22,0.87,0.42,0.38
Tunisia,TUN,2018-01-01,4.74,9.28,0.73,66.90,0.65,-0.19,0.84,0.59,0.37
Tunisia,TUN,2019-01-01,4.32,9.28,0.61,67.20,0.66,-0.21,0.89,0.54,0.43
Turkey,TUR,2010-01-01,5.49,9.91,0.79,64.40,0.51,-0.19,0.81,0.65,0.33
Turkey,TUR,2011-01-01,5.27,10.00,0.69,64.64,0.45,-0.24,0.65,0.62,0.38
Turkey,TUR,2012-01-01,5.31,10.03,0.74,64.88,0.47,-0.22,0.70,0.64,0.33
Turkey,TUR,2013-01-01,4.89,10.09,0.80,65.12,0.54,-0.23,0.70,0.63,0.39
Turkey,TUR,2014-01-01,5.58,10.12,0.86,65.36,0.65,-0.02,0.76,0.48,0.38
Turkey,TUR,2015-01-01,5.51,10.17,0.85,65.60,0.65,-0.02,0.81,0.46,0.38
Turkey,TUR,2016-01-01,5.33,10.18,0.88,66.00,0.64,-0.07,0.76,0.47,0.39
Turkey,TUR,2017-01-01,5.61,10.24,0.88,66.40,0.64,-0.24,0.67,0.45,0.31
Turkey,TUR,2018-01-01,5.19,10.25,0.85,66.80,0.53,-0.18,0.80,0.43,0.35
Turkey,TUR,2019-01-01,4.87,10.25,0.79,67.20,0.63,-0.14,0.76,0.42,0.37
Turkmenistan,TKM,2011-01-01,5.79,9.18,0.96,60.04,,0.02,,0.64,0.12
Turkmenistan,TKM,2012-01-01,5.46,9.27,0.95,60.28,0.79,-0.12,,0.58,0.12
Turkmenistan,TKM,2013-01-01,5.39,9.35,0.85,60.52,0.70,-0.07,,0.60,0.16
Turkmenistan,TKM,2014-01-01,5.79,9.43,0.91,60.76,0.80,0.03,,0.70,0.15
Turkmenistan,TKM,2015-01-01,5.79,9.47,0.96,61.00,0.70,0.09,,0.71,0.30
Turkmenistan,TKM,2016-01-01,5.89,9.52,0.93,61.40,0.75,0.00,,0.64,0.26
Turkmenistan,TKM,2017-01-01,5.23,9.56,0.91,61.80,0.72,0.07,,0.52,0.35
Turkmenistan,TKM,2018-01-01,4.62,9.61,0.98,62.20,0.86,0.26,,0.61,0.19
Turkmenistan,TKM,2019-01-01,5.47,9.65,0.98,62.60,0.89,0.28,,0.51,0.18
Uganda,UGA,2010-01-01,4.19,7.53,0.83,50.40,0.80,-0.01,0.85,0.65,0.25
Uganda,UGA,2011-01-01,4.83,7.59,0.88,51.22,0.73,0.03,0.83,0.68,0.25
Uganda,UGA,2012-01-01,4.31,7.59,0.88,52.04,0.65,0.08,0.84,0.75,0.27
Uganda,UGA,2013-01-01,3.71,7.59,0.88,52.86,0.76,0.05,0.82,0.68,0.35
Uganda,UGA,2014-01-01,3.77,7.61,0.82,53.68,0.83,0.01,0.90,0.68,0.40
Uganda,UGA,2015-01-01,4.24,7.63,0.75,54.50,0.76,0.14,0.87,0.70,0.35
Uganda,UGA,2016-01-01,4.23,7.64,0.75,54.90,0.74,0.13,0.81,0.67,0.41
Uganda,UGA,2017-01-01,4.00,7.64,0.74,55.30,0.77,0.06,0.82,0.70,0.40
Uganda,UGA,2018-01-01,4.32,7.66,0.74,55.70,0.73,0.08,0.86,0.69,0.39
Uganda,UGA,2019-01-01,4.95,7.69,0.81,56.10,0.70,0.14,0.83,0.69,0.39
Ukraine,UKR,2010-01-01,5.06,9.37,0.88,62.20,0.48,-0.19,0.95,0.51,0.23
Ukraine,UKR,2011-01-01,5.08,9.43,0.86,62.50,0.58,-0.23,0.93,0.59,0.22
Ukraine,UKR,2012-01-01,5.03,9.44,0.90,62.80,0.56,-0.22,0.90,0.57,0.19
Ukraine,UKR,2013-01-01,4.71,9.44,0.90,63.10,0.57,-0.22,0.94,0.64,0.22
Ukraine,UKR,2014-01-01,4.30,9.43,0.88,63.40,0.53,0.08,0.93,0.59,0.25
Ukraine,UKR,2015-01-01,3.96,9.33,0.91,63.70,0.43,-0.03,0.95,0.57,0.24
Ukraine,UKR,2016-01-01,4.03,9.35,0.88,64.00,0.50,0.01,0.89,0.59,0.22
Ukraine,UKR,2017-01-01,4.31,9.38,0.86,64.30,0.60,-0.00,0.94,0.60,0.23
Ukraine,UKR,2018-01-01,4.66,9.42,0.90,64.60,0.66,-0.07,0.94,0.61,0.22
Ukraine,UKR,2019-01-01,4.70,9.46,0.88,64.90,0.72,-0.08,0.89,0.63,0.20
United Arab Emirates,ARE,2010-01-01,7.10,10.91,0.91,66.40,0.88,0.06,0.36,0.76,0.23
United Arab Emirates,ARE,2011-01-01,7.12,10.94,0.88,66.42,0.89,0.07,,0.76,0.22
United Arab Emirates,ARE,2012-01-01,7.22,10.96,0.86,66.44,0.92,,,0.77,0.22
United Arab Emirates,ARE,2013-01-01,6.62,11.00,0.86,66.46,0.94,,,,0.29
United Arab Emirates,ARE,2014-01-01,6.54,11.04,,66.48,,,,,
United Arab Emirates,ARE,2015-01-01,6.57,11.09,0.82,66.50,0.92,0.20,,0.76,0.30
United Arab Emirates,ARE,2016-01-01,6.83,11.11,0.85,66.70,0.95,0.13,,0.78,0.24
United Arab Emirates,ARE,2017-01-01,7.04,11.12,0.84,66.90,0.96,0.22,,0.80,0.21
United Arab Emirates,ARE,2018-01-01,6.60,11.11,0.85,67.10,0.94,0.05,,0.79,0.30
United Arab Emirates,ARE,2019-01-01,6.71,11.11,0.86,67.30,0.91,0.13,,0.79,0.28
United Kingdom,GBR,2010-01-01,7.03,10.65,0.96,71.30,0.84,0.40,0.59,0.86,0.18
United Kingdom,GBR,2011-01-01,6.87,10.66,0.95,71.38,0.90,0.34,0.44,0.84,0.17
United Kingdom,GBR,2012-01-01,6.88,10.66,0.93,71.46,0.89,0.37,0.43,0.84,0.18
United Kingdom,GBR,2013-01-01,6.92,10.68,0.94,71.54,0.91,0.35,0.57,0.78,0.25
United Kingdom,GBR,2014-01-01,6.76,10.70,0.91,71.62,0.86,0.35,0.48,0.79,0.25
United Kingdom,GBR,2015-01-01,6.52,10.71,0.94,71.70,0.83,0.30,0.46,0.80,0.22
United Kingdom,GBR,2016-01-01,6.82,10.72,0.95,71.90,0.82,0.25,0.46,0.78,0.23
United Kingdom,GBR,2017-01-01,7.10,10.74,0.94,72.10,0.81,0.29,0.42,0.76,0.21
United Kingdom,GBR,2018-01-01,7.23,10.74,0.93,72.30,0.84,0.23,0.40,0.78,0.23
United Kingdom,GBR,2019-01-01,7.16,10.75,0.94,72.50,0.85,0.27,0.49,0.78,0.25
United States,USA,2010-01-01,7.16,10.90,0.93,68.70,0.83,0.24,0.69,0.86,0.23
United States,USA,2011-01-01,7.12,10.91,0.92,68.68,0.86,0.16,0.70,0.84,0.27
United States,USA,2012-01-01,7.03,10.93,0.90,68.66,0.82,0.21,0.71,0.83,0.26
United States,USA,2013-01-01,7.25,10.94,0.93,68.64,0.79,0.27,0.75,0.81,0.26
United States,USA,2014-01-01,7.15,10.96,0.90,68.62,0.87,0.22,0.70,0.83,0.28
United States,USA,2015-01-01,6.86,10.98,0.90,68.60,0.85,0.22,0.70,0.81,0.27
United States,USA,2016-01-01,6.80,10.99,0.90,68.50,0.76,0.14,0.74,0.81,0.26
United States,USA,2017-01-01,6.99,11.00,0.92,68.40,0.87,0.20,0.68,0.83,0.27
United States,USA,2018-01-01,6.88,11.03,0.90,68.30,0.82,0.12,0.71,0.82,0.29
United States,USA,2019-01-01,6.94,11.04,0.92,68.20,0.84,0.14,0.71,0.81,0.24
Uruguay,URY,2010-01-01,6.06,9.78,0.89,68.00,0.83,-0.16,0.47,0.81,0.23
Uruguay,URY,2011-01-01,6.55,9.83,0.89,68.14,0.85,-0.08,0.56,0.81,0.25
Uruguay,URY,2012-01-01,6.45,9.86,0.86,68.28,0.87,0.07,0.62,0.79,0.21
Uruguay,URY,2013-01-01,6.44,9.90,0.92,68.42,0.89,-0.04,0.59,0.83,0.25
Uruguay,URY,2014-01-01,6.56,9.93,0.90,68.56,0.90,-0.07,0.53,0.87,0.25
Uruguay,URY,2015-01-01,6.63,9.93,0.89,68.70,0.92,-0.03,0.67,0.89,0.30
Uruguay,URY,2016-01-01,6.17,9.95,0.90,68.80,0.89,-0.07,0.68,0.84,0.28
Uruguay,URY,2017-01-01,6.34,9.97,0.91,68.90,0.90,-0.09,0.63,0.84,0.28
Uruguay,URY,2018-01-01,6.37,9.98,0.92,69.00,0.88,-0.10,0.68,0.88,0.27
Uruguay,URY,2019-01-01,6.60,9.98,0.93,69.10,0.90,-0.10,0.60,0.89,0.22
Uzbekistan,UZB,2010-01-01,5.10,8.44,0.90,63.20,,-0.03,0.52,0.78,0.15
Uzbekistan,UZB,2011-01-01,5.74,8.49,0.92,63.40,0.93,0.04,0.52,0.79,0.12
Uzbekistan,UZB,2012-01-01,6.02,8.55,0.93,63.60,0.91,-0.04,0.46,0.79,0.12
Uzbekistan,UZB,2013-01-01,5.94,8.61,0.96,63.80,0.95,-0.03,0.43,0.75,0.13
Uzbekistan,UZB,2014-01-01,6.05,8.66,0.95,64.00,0.95,0.06,0.54,0.80,0.11
Uzbekistan,UZB,2015-01-01,5.97,8.71,0.97,64.20,0.98,0.37,0.47,0.84,0.10
Uzbekistan,UZB,2016-01-01,5.89,8.76,0.95,64.50,0.98,0.21,,0.84,0.15
Uzbekistan,UZB,2017-01-01,6.42,8.78,0.94,64.80,0.99,0.12,0.46,0.84,0.20
Uzbekistan,UZB,2018-01-01,6.21,8.82,0.92,65.10,0.97,0.32,0.52,0.83,0.21
Uzbekistan,UZB,2019-01-01,6.15,8.85,0.92,65.40,0.97,0.30,0.51,0.84,0.22
"Venezuela, RB",VEN,2010-01-01,7.48,9.72,0.93,65.70,0.77,-0.15,0.75,0.86,0.13
"Venezuela, RB",VEN,2011-01-01,6.58,9.82,0.93,65.74,0.77,-0.23,0.77,0.83,0.20
"Venezuela, RB",VEN,2012-01-01,7.07,9.83,0.93,65.78,0.80,-0.19,0.74,0.86,0.18
"Venezuela, RB",VEN,2013-01-01,6.55,9.74,0.90,65.82,0.64,-0.22,0.84,0.84,0.24
"Venezuela, RB",VEN,2014-01-01,6.14,9.56,0.90,65.86,0.57,-0.20,0.83,0.81,0.24
"Venezuela, RB",VEN,2015-01-01,5.57,9.00,0.91,65.90,0.51,-0.12,0.81,0.87,0.22
"Venezuela, RB",VEN,2016-01-01,4.04,9.01,0.90,66.10,0.46,-0.15,0.89,0.69,0.39
"Venezuela, RB",VEN,2017-01-01,5.07,9.07,0.90,66.30,0.64,-0.17,0.84,0.73,0.36
"Venezuela, RB",VEN,2018-01-01,5.01,,0.89,66.50,0.61,,0.83,0.76,0.37
"Venezuela, RB",VEN,2019-01-01,5.08,,0.89,66.70,0.63,,0.84,0.76,0.35
Vietnam,VNM,2010-01-01,5.30,8.53,0.79,66.50,0.83,-0.01,0.74,0.69,0.22
Vietnam,VNM,2011-01-01,5.77,8.59,0.90,66.66,0.82,0.10,0.74,0.53,0.19
Vietnam,VNM,2012-01-01,5.53,8.63,0.78,66.82,0.86,-0.11,0.81,0.62,0.22
Vietnam,VNM,2013-01-01,5.02,8.67,0.76,66.98,0.92,-0.03,0.77,0.72,0.17
Vietnam,VNM,2014-01-01,5.08,8.72,0.79,67.14,,0.00,,0.70,0.24
Vietnam,VNM,2015-01-01,5.08,8.77,0.85,67.30,,0.09,,0.64,0.23
Vietnam,VNM,2016-01-01,5.06,8.82,0.88,67.50,0.89,-0.09,0.80,0.54,0.22
Vietnam,VNM,2017-01-01,5.18,8.88,,67.70,,,,,
Vietnam,VNM,2018-01-01,5.30,8.93,0.83,67.90,0.91,-0.04,0.81,0.69,0.19
Vietnam,VNM,2019-01-01,5.47,8.99,0.85,68.10,0.95,-0.13,0.79,0.75,0.19
West Bank and Gaza,PSE,2010-01-01,4.70,8.38,0.82,62.25,0.50,-0.12,0.75,0.63,0.38
West Bank and Gaza,PSE,2011-01-01,4.75,8.47,0.75,,0.52,-0.13,0.75,0.57,0.39
West Bank and Gaza,PSE,2012-01-01,4.65,8.53,0.78,,0.54,-0.15,0.73,0.62,0.38
West Bank and Gaza,PSE,2013-01-01,4.84,8.49,0.76,,0.45,-0.15,0.78,0.59,0.37
West Bank and Gaza,PSE,2014-01-01,4.72,8.46,0.78,,0.66,-0.15,0.80,0.57,0.38
West Bank and Gaza,PSE,2015-01-01,4.70,8.48,0.77,,0.56,-0.15,0.77,0.59,0.37
West Bank and Gaza,PSE,2016-01-01,4.91,8.50,0.82,,0.61,-0.13,0.81,0.59,0.38
West Bank and Gaza,PSE,2017-01-01,4.63,8.48,0.82,,0.63,-0.16,0.83,0.60,0.42
West Bank and Gaza,PSE,2018-01-01,4.55,,0.82,,0.65,,0.81,0.61,0.42
West Bank and Gaza,PSE,2019-01-01,4.48,,0.83,,0.65,,0.83,0.63,0.40
"Yemen, Rep.",YEM,2010-01-01,4.35,8.45,0.73,54.30,0.66,-0.10,0.85,0.58,0.31
"Yemen, Rep.",YEM,2011-01-01,3.75,8.34,0.66,54.30,0.64,-0.17,0.75,0.50,0.28
"Yemen, Rep.",YEM,2012-01-01,4.06,8.24,0.68,54.30,0.71,-0.17,0.79,0.50,0.26
"Yemen, Rep.",YEM,2013-01-01,4.22,8.24,0.69,54.30,0.54,-0.18,0.89,0.56,0.27
"Yemen, Rep.",YEM,2014-01-01,3.97,8.12,0.64,54.30,0.66,-0.16,0.89,0.61,0.28
"Yemen, Rep.",YEM,2015-01-01,2.98,7.86,0.67,54.30,0.61,-0.14,0.83,0.51,0.32
"Yemen, Rep.",YEM,2016-01-01,3.83,7.72,0.78,55.10,0.53,-0.15,,0.47,0.23
"Yemen, Rep.",YEM,2017-01-01,3.25,7.58,0.79,55.90,0.60,-0.15,,0.46,0.30
"Yemen, Rep.",YEM,2018-01-01,3.06,,0.79,56.70,0.55,,0.79,0.46,0.31
"Yemen, Rep.",YEM,2019-01-01,4.20,,0.87,57.50,0.65,,0.80,0.54,0.21
Zambia,ZMB,2011-01-01,5.00,8.07,0.86,50.84,0.66,0.00,0.88,0.83,0.20
Zambia,ZMB,2012-01-01,5.01,8.11,0.78,51.58,0.79,0.01,0.81,0.73,0.25
Zambia,ZMB,2013-01-01,5.24,8.13,0.76,52.32,0.77,-0.10,0.73,0.73,0.31
Zambia,ZMB,2014-01-01,4.35,8.15,0.71,53.06,0.81,-0.01,0.81,0.69,0.33
Zambia,ZMB,2015-01-01,4.84,8.14,0.69,53.80,0.76,-0.04,0.87,0.69,0.38
Zambia,ZMB,2016-01-01,4.35,8.15,0.77,54.30,0.81,0.12,0.77,0.73,0.37
Zambia,ZMB,2017-01-01,3.93,8.16,0.74,54.80,0.82,0.14,0.74,0.68,0.39
Zambia,ZMB,2018-01-01,4.04,8.17,0.72,55.30,0.79,0.05,0.81,0.70,0.35
Zambia,ZMB,2019-01-01,3.31,8.15,0.64,55.80,0.81,0.08,0.83,0.74,0.39
Zimbabwe,ZWE,2010-01-01,4.68,7.73,0.86,46.70,0.66,-0.09,0.83,0.75,0.12
Zimbabwe,ZWE,2011-01-01,4.85,7.85,0.86,48.12,0.63,-0.09,0.83,0.78,0.21
Zimbabwe,ZWE,2012-01-01,4.96,7.98,0.90,49.54,0.47,-0.10,0.86,0.67,0.18
Zimbabwe,ZWE,2013-01-01,4.69,7.99,0.80,50.96,0.58,-0.10,0.83,0.71,0.18
Zimbabwe,ZWE,2014-01-01,4.18,7.99,0.77,52.38,0.64,-0.07,0.82,0.73,0.24
Zimbabwe,ZWE,2015-01-01,3.70,7.99,0.74,53.80,0.67,-0.12,0.81,0.72,0.18
Zimbabwe,ZWE,2016-01-01,3.74,7.98,0.77,54.40,0.73,-0.09,0.72,0.74,0.21
Zimbabwe,ZWE,2017-01-01,3.64,8.02,0.75,55.00,0.75,-0.10,0.75,0.81,0.22
Zimbabwe,ZWE,2018-01-01,3.62,8.05,0.78,55.60,0.76,-0.07,0.84,0.71,0.21
Zimbabwe,ZWE,2019-01-01,2.69,7.95,0.76,56.20,0.63,-0.06,0.83,0.72,0.24
